Date,U.S.Average,EastCoast,NewEngland,CentralAtlantic,Weekly Lower Atlantic (PADD 1C) Regular Reformulated Retail Gasoline Prices  (Dollars per Gallon),Weekly Midwest Regular Reformulated Retail Gasoline Prices  (Dollars per Gallon),Weekly Gulf Coast Regular Reformulated Retail Gasoline Prices  (Dollars per Gallon),Weekly West Coast Regular Reformulated Retail Gasoline Prices  (Dollars per Gallon),Weekly California Regular Reformulated Retail Gasoline Prices  (Dollars per Gallon),Weekly Massachusetts Regular Reformulated Retail Gasoline Prices  (Dollars per Gallon),Weekly Texas Regular Reformulated Retail Gasoline Prices  (Dollars per Gallon),Weekly New York Regular Reformulated Retail Gasoline Prices  (Dollars per Gallon),"Weekly Houston, TX Regular Reformulated Retail Gasoline Prices  (Dollars per Gallon)",Weekly New York Harbor Regular Reformulated Retail Gasoline Prices  (Dollars per Gallon),"Weekly Boston, MA Regular Reformulated Retail Gasoline Prices  (Dollars per Gallon)","Weekly Chicago, IL Regular Reformulated Retail Gasoline Prices  (Dollars per Gallon)","Weekly Los Angeles, CA Regular Reformulated Retail Gasoline Prices  (Dollars per Gallon)","Weekly San Francisco, CA Regular Reformulated Retail Gasoline Prices  (Dollars per Gallon)"
28-Nov-94,1.149,1.149,1.163,1.172,1.092,1.099,1.093,1.255,,,,,,,,,,
5-Dec-94,1.169,1.164,1.184,1.18,1.098,1.134,1.121,1.252,,,,,,,,,,
12-Dec-94,1.167,1.166,1.183,1.178,1.106,1.124,1.126,1.244,,,,,,,,,,
19-Dec-94,1.167,1.168,1.18,1.177,1.11,1.125,1.125,1.235,,,,,,,,,,
26-Dec-94,1.165,1.166,1.173,1.179,1.11,1.123,1.113,1.236,,,,,,,,,,
2-Jan-95,1.167,1.161,1.17,1.173,1.097,1.12,1.117,1.254,1.264,,,,,,,,,
9-Jan-95,1.169,1.16,1.168,1.173,1.098,1.129,1.116,1.257,1.267,,,,,,,,,
16-Jan-95,1.169,1.157,1.164,1.169,1.101,1.133,1.11,1.258,1.268,,,,,,,,,
23-Jan-95,1.165,1.158,1.167,1.168,1.099,1.132,1.103,1.247,1.257,,,,,,,,,
30-Jan-95,1.162,1.153,1.163,1.164,1.094,1.122,1.108,1.244,1.254,,,,,,,,,
6-Feb-95,1.159,1.152,1.163,1.161,1.091,1.119,1.106,1.239,1.249,,,,,,,,,
13-Feb-95,1.158,1.151,1.162,1.159,1.091,1.122,1.105,1.237,1.247,,,,,,,,,
20-Feb-95,1.153,1.148,1.16,1.157,1.087,1.11,1.097,1.234,1.244,,,,,,,,,
27-Feb-95,1.152,1.147,1.16,1.154,1.084,1.115,1.095,1.23,1.24,,,,,,,,,
6-Mar-95,1.149,1.143,1.156,1.151,1.083,1.107,1.1,1.23,1.24,,,,,,,,,
13-Mar-95,1.141,1.139,1.15,1.148,1.075,1.097,1.095,1.219,1.229,,,,,,,,,
20-Mar-95,1.14,1.134,1.145,1.146,1.063,1.108,1.085,1.217,1.227,,,,,,,,,
27-Mar-95,1.138,1.128,1.142,1.14,1.052,1.123,1.083,1.21,1.22,,,,,,,,,
3-Apr-95,1.14,1.128,1.143,1.138,1.054,1.128,1.088,1.207,1.216,,,,,,,,,
10-Apr-95,1.149,1.13,1.145,1.139,1.058,1.139,1.09,1.229,1.239,,,,,,,,,
17-Apr-95,1.16,1.139,1.152,1.146,1.076,1.168,1.102,1.23,1.24,,,,,,,,,
24-Apr-95,1.176,1.158,1.172,1.163,1.098,1.175,1.122,1.249,1.259,,,,,,,,,
1-May-95,1.188,1.172,1.187,1.176,1.112,1.191,1.135,1.249,1.259,,,,,,,,,
8-May-95,1.205,1.189,1.205,1.195,1.128,1.219,1.141,1.261,1.271,,,,,,,,,
15-May-95,1.215,1.203,1.222,1.207,1.138,1.226,1.152,1.271,1.281,,,,,,,,,
22-May-95,1.233,1.22,1.239,1.224,1.156,1.258,1.175,1.272,1.282,,,,,,,,,
29-May-95,1.239,1.238,1.257,1.241,1.178,1.255,1.182,1.267,1.277,,,,,,,,,
5-Jun-95,1.238,1.241,1.259,1.243,1.182,1.255,1.179,1.26,1.27,,,,,,,,,
12-Jun-95,1.237,1.242,1.261,1.243,1.182,1.251,1.18,1.254,1.264,,,,,,,,,
19-Jun-95,1.234,1.24,1.26,1.24,1.176,1.246,1.178,1.251,1.261,,,,,,,,,
26-Jun-95,1.228,1.237,1.259,1.238,1.169,1.234,1.176,1.245,1.255,,,,,,,,,
3-Jul-95,1.223,1.233,1.258,1.236,1.15,1.226,1.168,1.24,1.25,,,,,,,,,
10-Jul-95,1.216,1.23,1.256,1.231,1.148,1.215,1.162,1.23,1.24,,,,,,,,,
17-Jul-95,1.207,1.225,1.254,1.228,1.134,1.199,1.154,1.216,1.226,,,,,,,,,
24-Jul-95,1.196,1.218,1.248,1.22,1.127,1.18,1.141,1.205,1.214,,,,,,,,,
31-Jul-95,1.183,1.21,1.242,1.213,1.113,1.163,1.13,1.189,1.198,,,,,,,,,
7-Aug-95,1.174,1.204,1.236,1.206,1.105,1.153,1.122,1.178,1.187,,,,,,,,,
14-Aug-95,1.166,1.195,1.229,1.197,1.091,1.148,1.112,1.17,1.179,,,,,,,,,
21-Aug-95,1.16,1.191,1.226,1.191,1.087,1.146,1.101,1.16,1.169,,,,,,,,,
28-Aug-95,1.156,1.186,1.223,1.186,1.079,1.141,1.093,1.16,1.169,,,,,,,,,
4-Sep-95,1.152,1.183,1.22,1.182,1.08,1.139,1.083,1.158,1.167,,,,,,,,,
11-Sep-95,1.148,1.18,1.217,1.178,1.079,1.142,1.08,1.145,1.154,,,,,,,,,
18-Sep-95,1.146,1.176,1.214,1.173,1.077,1.148,1.072,1.145,1.154,,,,,,,,,
25-Sep-95,1.142,1.173,1.211,1.171,1.072,1.151,1.063,1.138,1.147,,,,,,,,,
2-Oct-95,1.142,1.169,1.21,1.164,1.069,1.141,1.053,1.158,1.167,,,,,,,,,
9-Oct-95,1.139,1.164,1.206,1.158,1.065,1.135,1.052,1.161,1.17,,,,,,,,,
16-Oct-95,1.135,1.158,1.199,1.151,1.06,1.124,1.048,1.166,1.175,,,,,,,,,
23-Oct-95,1.129,1.15,1.19,1.143,1.054,1.11,1.042,1.169,1.178,,,,,,,,,
30-Oct-95,1.117,1.137,1.18,1.131,1.039,1.096,1.03,1.16,1.169,,,,,,,,,
6-Nov-95,1.11,1.127,1.167,1.123,1.027,1.094,1.021,1.158,1.167,,,,,,,,,
13-Nov-95,1.107,1.122,1.162,1.117,1.025,1.083,1.017,1.164,1.173,,,,,,,,,
20-Nov-95,1.1,1.115,1.151,1.112,1.027,1.077,0.999,1.161,1.17,,,,,,,,,
27-Nov-95,1.098,1.112,1.147,1.111,1.019,1.085,0.994,1.157,1.166,,,,,,,,,
4-Dec-95,1.101,1.115,1.154,1.11,1.016,1.092,1.007,1.148,1.157,,,,,,,,,
11-Dec-95,1.104,1.117,1.157,1.113,1.016,1.108,1.005,1.144,1.153,,,,,,,,,
18-Dec-95,1.113,1.125,1.167,1.12,1.017,1.134,1.009,1.146,1.155,,,,,,,,,
25-Dec-95,1.122,1.13,1.169,1.129,1.027,1.151,1.018,1.152,1.161,,,,,,,,,
1-Jan-96,1.122,1.137,1.178,1.135,1.027,1.144,1.023,1.146,1.155,,,,,,,,,
8-Jan-96,1.128,1.139,1.181,1.137,1.025,1.158,1.041,1.143,1.152,,,,,,,,,
15-Jan-96,1.135,1.146,1.186,1.143,1.044,1.153,1.053,1.158,1.167,,,,,,,,,
22-Jan-96,1.132,1.147,1.183,1.145,1.049,1.139,1.047,1.159,1.168,,,,,,,,,
29-Jan-96,1.128,1.144,1.18,1.144,1.04,1.128,1.045,1.157,1.166,,,,,,,,,
5-Feb-96,1.126,1.141,1.176,1.141,1.041,1.128,1.047,1.152,1.161,,,,,,,,,
12-Feb-96,1.123,1.138,1.172,1.138,1.038,1.118,1.044,1.154,1.163,,,,,,,,,
19-Feb-96,1.126,1.134,1.168,1.135,1.037,1.124,1.046,1.169,1.178,,,,,,,,,
26-Feb-96,1.142,1.136,1.169,1.135,1.045,1.16,1.06,1.193,1.202,,,,,,,,,
4-Mar-96,1.158,1.144,1.176,1.142,1.059,1.182,1.085,1.209,1.218,,,,,,,,,
11-Mar-96,1.165,1.148,1.176,1.146,1.07,1.178,1.094,1.229,1.239,,,,,,,,,
18-Mar-96,1.17,1.15,1.176,1.148,1.08,1.182,1.101,1.241,1.251,,,,,,,,,
25-Mar-96,1.192,1.168,1.193,1.163,1.114,1.219,1.127,1.251,1.261,,,,,,,,,
1-Apr-96,1.209,1.187,1.211,1.181,1.135,1.226,1.14,1.281,1.291,,,,,,,,,
8-Apr-96,1.236,1.207,1.23,1.198,1.17,1.242,1.18,1.318,1.328,,,,,,,,,
15-Apr-96,1.28,1.25,1.272,1.239,1.223,1.275,1.228,1.368,1.379,,,,,,,,,
22-Apr-96,1.32,1.269,1.286,1.261,1.243,1.282,1.254,1.482,1.494,,,,,,,,,
29-Apr-96,1.342,1.287,1.309,1.278,1.253,1.291,1.255,1.537,1.549,,,,,,,,,
6-May-96,1.351,1.307,1.327,1.298,1.274,1.296,1.253,1.537,1.549,,,,,,,,,
13-May-96,1.354,1.312,1.332,1.305,1.276,1.308,1.255,1.531,1.543,,,,,,,,,
20-May-96,1.357,1.313,1.335,1.305,1.278,1.336,1.248,1.519,1.531,,,,,,,,,
27-May-96,1.349,1.312,1.333,1.305,1.273,1.321,1.245,1.507,1.519,,,,,,,,,
3-Jun-96,1.367,1.311,1.332,1.304,1.274,1.316,1.247,1.509,1.521,,,,,,,,,
10-Jun-96,1.356,1.305,1.325,1.299,1.266,1.303,1.236,1.493,1.505,,,,,,,,,
17-Jun-96,1.344,1.295,1.314,1.292,1.253,1.29,1.225,1.48,1.492,,,,,,,,,
24-Jun-96,1.332,1.289,1.308,1.285,1.252,1.277,1.208,1.468,1.48,,,,,,,,,
1-Jul-96,1.319,1.278,1.295,1.274,1.238,1.264,1.197,1.454,1.465,,,,,,,,,
8-Jul-96,1.312,1.274,1.292,1.27,1.232,1.258,1.185,1.445,1.456,,,,,,,,,
15-Jul-96,1.305,1.266,1.284,1.262,1.226,1.254,1.178,1.437,1.448,,,,,,,,,
22-Jul-96,1.296,1.263,1.282,1.254,1.233,1.245,1.173,1.421,1.432,,,,,,,,,
29-Jul-96,1.284,1.254,1.275,1.245,1.218,1.235,1.165,1.402,1.413,,,,,,,,,
5-Aug-96,1.271,1.246,1.267,1.238,1.21,1.224,1.157,1.379,1.39,,,,,,,,,
12-Aug-96,1.259,1.241,1.262,1.233,1.204,1.213,1.144,1.358,1.369,,,,,,,,,
19-Aug-96,1.251,1.234,1.258,1.226,1.192,1.218,1.134,1.341,1.352,,,,,,,,,
26-Aug-96,1.252,1.232,1.259,1.222,1.187,1.228,1.134,1.343,1.354,,,,,,,,,
2-Sep-96,1.235,1.228,1.257,1.216,1.181,1.214,1.131,1.304,1.314,,,,,,,,,
9-Sep-96,1.235,1.227,1.257,1.213,1.18,1.229,1.133,1.294,1.304,,,,,,,,,
16-Sep-96,1.237,1.228,1.258,1.213,1.184,1.231,1.142,1.296,1.306,,,,,,,,,
23-Sep-96,1.238,1.227,1.259,1.211,1.183,1.241,1.153,1.289,1.299,,,,,,,,,
30-Sep-96,1.233,1.225,1.257,1.211,1.18,1.236,1.148,1.278,1.288,,,,,,,,,
7-Oct-96,1.227,1.226,1.259,1.209,1.183,1.229,1.152,1.263,1.273,,,,,,,,,
14-Oct-96,1.228,1.229,1.263,1.213,1.181,1.244,1.157,1.25,1.26,,,,,,,,,
21-Oct-96,1.222,1.234,1.267,1.218,1.187,1.245,1.149,1.23,1.24,,,,,,,,,
28-Oct-96,1.221,1.239,1.273,1.223,1.19,1.261,1.154,1.208,1.217,,,,,,,,,
4-Nov-96,1.225,1.255,1.286,1.239,1.213,1.277,1.155,1.191,1.2,,,,,,,,,
11-Nov-96,1.223,1.258,1.287,1.246,1.211,1.301,1.17,1.163,1.172,,,,,,,,,
18-Nov-96,1.23,1.272,1.298,1.264,1.222,1.313,1.173,1.16,1.169,,,,,,,,,
25-Nov-96,1.236,1.281,1.309,1.273,1.226,1.322,1.174,1.163,1.172,,,,,,,,,
2-Dec-96,1.24,1.289,1.321,1.28,1.228,1.325,1.176,1.165,1.174,,,,,,,,,
9-Dec-96,1.245,1.3,1.334,1.289,1.234,1.323,1.17,1.173,1.182,,,,,,,,,
16-Dec-96,1.248,1.303,1.339,1.293,1.229,1.313,1.173,1.182,1.191,,,,,,,,,
23-Dec-96,1.249,1.304,1.342,1.294,1.23,1.304,1.169,1.193,1.202,,,,,,,,,
30-Dec-96,1.25,1.306,1.344,1.294,1.231,1.299,1.167,1.198,1.207,,,,,,,,,
6-Jan-97,1.254,1.304,1.344,1.291,1.228,1.29,1.166,1.217,1.227,,,,,,,,,
13-Jan-97,1.266,1.307,1.344,1.298,1.231,1.303,1.17,1.241,1.251,,,,,,,,,
20-Jan-97,1.268,1.304,1.341,1.292,1.235,1.299,1.173,1.252,1.262,,,,,,,,,
27-Jan-97,1.265,1.3,1.338,1.291,1.224,1.292,1.167,1.254,1.264,,,,,,,,,
3-Feb-97,1.267,1.298,1.338,1.285,1.224,1.287,1.167,1.267,1.277,,,,,,,,,
10-Feb-97,1.271,1.295,1.337,1.282,1.216,1.281,1.166,1.281,1.291,,,,,,,,,
17-Feb-97,1.266,1.288,1.33,1.275,1.21,1.273,1.163,1.279,1.289,,,,,,,,,
24-Feb-97,1.26,1.28,1.32,1.268,1.206,1.259,1.16,1.285,1.295,,,,,,,,,
3-Mar-97,1.253,1.27,1.31,1.258,1.195,1.243,1.152,1.285,1.295,,,,,,,,,
10-Mar-97,1.252,1.26,1.3,1.247,1.189,1.233,1.147,1.303,1.313,,,,,,,,,
17-Mar-97,1.249,1.253,1.289,1.243,1.181,1.213,1.143,1.315,1.325,,,,,,,,,
24-Mar-97,1.252,1.249,1.288,1.235,1.183,1.21,1.151,1.328,1.338,,,,,,,,,
31-Mar-97,1.256,1.245,1.284,1.23,1.181,1.203,1.147,1.351,1.362,,,,,,,,,
7-Apr-97,1.259,1.241,1.28,1.226,1.176,1.193,1.142,1.372,1.383,,,,,,,,,
14-Apr-97,1.26,1.235,1.274,1.219,1.172,1.199,1.135,1.384,1.395,,,,,,,,,
21-Apr-97,1.256,1.225,1.265,1.208,1.165,1.201,1.136,1.381,1.392,,,,,,,,,
28-Apr-97,1.25,1.218,1.257,1.202,1.155,1.198,1.133,1.374,1.385,,,,,,,,,
5-May-97,1.249,1.214,1.249,1.2,1.155,1.222,1.13,1.366,1.377,,,,,,,,,
12-May-97,1.244,1.211,1.248,1.197,1.15,1.213,1.132,1.36,1.371,,,,,,,,,
19-May-97,1.246,1.211,1.248,1.197,1.149,1.235,1.137,1.352,1.363,,,,,,,,,
26-May-97,1.252,1.22,1.258,1.203,1.162,1.26,1.151,1.343,1.354,,,,,,,,,
2-Jun-97,1.25,1.222,1.261,1.206,1.158,1.255,1.15,1.337,1.347,,,,,,,,,
9-Jun-97,1.246,1.222,1.26,1.209,1.157,1.249,1.15,1.327,1.337,,,,,,,,,
16-Jun-97,1.241,1.22,1.255,1.208,1.152,1.242,1.146,1.32,1.33,,,,,,,,,
23-Jun-97,1.232,1.213,1.248,1.201,1.147,1.23,1.14,1.309,1.319,,,,,,,,,
30-Jun-97,1.22,1.208,1.242,1.198,1.141,1.212,1.133,1.279,1.289,,,,,,,,,
7-Jul-97,1.215,1.203,1.235,1.195,1.133,1.207,1.126,1.274,1.284,,,,,,,,,
14-Jul-97,1.208,1.198,1.227,1.19,1.136,1.2,1.119,1.268,1.278,,,,,,,,,
21-Jul-97,1.206,1.197,1.227,1.189,1.13,1.203,1.12,1.259,1.269,,,,,,,,,
28-Jul-97,1.201,1.198,1.228,1.191,1.133,1.197,1.115,1.247,1.257,,,,,,,,,
4-Aug-97,1.228,1.22,1.255,1.209,1.149,1.242,1.137,1.272,1.282,,,,,,,,,
11-Aug-97,1.265,1.251,1.282,1.241,1.194,1.268,1.18,1.319,1.329,,,,,,,,,
18-Aug-97,1.277,1.265,1.298,1.253,1.208,1.261,1.174,1.351,1.362,,,,,,,,,
25-Aug-97,1.302,1.295,1.333,1.284,1.218,1.274,1.186,1.383,1.394,,,,,,,,,
1-Sep-97,1.309,1.302,1.339,1.294,1.221,1.263,1.188,1.403,1.414,,,,,,,,,
8-Sep-97,1.313,1.302,1.339,1.293,1.224,1.255,1.188,1.42,1.431,,,,,,,,,
15-Sep-97,1.315,1.296,1.331,1.289,1.217,1.244,1.185,1.438,1.449,,,,,,,,,
22-Sep-97,1.305,1.288,1.32,1.282,1.213,1.217,1.177,1.437,1.448,,,,,,,,,
29-Sep-97,1.293,1.277,1.311,1.27,1.198,1.196,1.163,1.43,1.441,,,,,,,,,
6-Oct-97,1.288,1.268,1.306,1.259,1.184,1.191,1.155,1.431,1.442,,,,,,,,,
13-Oct-97,1.277,1.263,1.302,1.254,1.181,1.178,1.148,1.413,1.424,,,,,,,,,
20-Oct-97,1.269,1.254,1.292,1.246,1.171,1.167,1.145,1.406,1.417,,,,,,,,,
27-Oct-97,1.26,1.245,1.282,1.239,1.16,1.16,1.129,1.397,1.408,,,,,,,,,
3-Nov-97,1.254,1.235,1.273,1.228,1.146,1.158,1.121,1.376,1.398,,,,,,,,,
10-Nov-97,1.247,1.227,1.265,1.22,1.141,1.156,1.118,1.364,1.385,,,,,,,,,
17-Nov-97,1.238,1.218,1.257,1.211,1.129,1.158,1.11,1.354,1.373,,,,,,,,,
24-Nov-97,1.232,1.209,1.25,1.199,1.127,1.158,1.108,1.344,1.363,,,,,,,,,
1-Dec-97,1.226,1.203,1.241,1.194,1.127,1.152,1.105,1.336,1.355,,,,,,,,,
8-Dec-97,1.215,1.194,1.23,1.186,1.119,1.144,1.099,1.322,1.338,,,,,,,,,
15-Dec-97,1.207,1.185,1.22,1.176,1.111,1.128,1.092,1.312,1.329,,,,,,,,,
22-Dec-97,1.197,1.175,1.209,1.168,1.102,1.11,1.086,1.303,1.318,,,,,,,,,
29-Dec-97,1.19,1.169,1.204,1.163,1.092,1.102,1.084,1.294,1.309,,,,,,,,,
5-Jan-98,1.183,1.164,1.198,1.156,1.09,1.093,1.079,1.288,1.301,,,,,,,,,
12-Jan-98,1.169,1.153,1.184,1.145,1.084,1.082,1.066,1.27,1.283,,,,,,,,,
19-Jan-98,1.152,1.139,1.172,1.13,1.069,1.064,1.054,1.249,1.261,,,,,,,,,
26-Jan-98,1.138,1.128,1.164,1.117,1.056,1.053,1.042,1.228,1.24,,,,,,,,,
2-Feb-98,1.124,1.117,1.155,1.104,1.045,1.051,1.026,1.209,1.223,,,,,,,,,
9-Feb-98,1.113,1.108,1.146,1.096,1.035,1.06,1.021,1.182,1.195,,,,,,,,,
16-Feb-98,1.095,1.096,1.13,1.086,1.028,1.053,1.005,1.153,1.166,,,,,,,,,
23-Feb-98,1.086,1.087,1.123,1.074,1.022,1.072,1,1.124,1.137,,,,,,,,,
2-Mar-98,1.065,1.073,1.111,1.059,1.004,1.057,0.996,1.088,1.107,,,,,,,,,
9-Mar-98,1.045,1.059,1.094,1.046,0.997,1.042,0.986,1.054,1.074,,,,,,,,,
16-Mar-98,1.035,1.043,1.077,1.029,0.987,1.024,0.976,1.057,1.075,,,,,,,,,
23-Mar-98,1.029,1.03,1.059,1.021,0.97,1.021,0.964,1.059,1.074,,,,,,,,,
30-Mar-98,1.057,1.047,1.072,1.04,0.997,1.075,0.98,1.088,1.102,,,,,,,,,
6-Apr-98,1.059,1.052,1.079,1.038,1.014,1.063,0.994,1.091,1.103,,,,,,,,,
13-Apr-98,1.066,1.049,1.075,1.034,1.019,1.055,0.989,1.118,1.126,,,,,,,,,
20-Apr-98,1.065,1.044,1.071,1.031,1.005,1.072,0.985,1.113,1.122,,,,,,,,,
27-Apr-98,1.077,1.043,1.067,1.03,1.017,1.097,0.991,1.133,1.144,,,,,,,,,
4-May-98,1.101,1.044,1.07,1.029,1.01,1.109,0.983,1.197,1.217,,,,,,,,,
11-May-98,1.115,1.052,1.079,1.038,1.013,1.133,0.998,1.211,1.229,,,,,,,,,
18-May-98,1.12,1.064,1.079,1.067,1.002,1.133,0.996,1.239,1.25,,,,,,,,,
25-May-98,1.12,1.066,1.084,1.068,0.998,1.126,0.996,1.241,1.252,,,,,,,,,
1-Jun-98,1.119,1.067,1.083,1.069,1,1.134,0.995,1.23,1.241,,,,,,,,,
8-Jun-98,1.116,1.068,1.084,1.071,1,1.143,0.994,1.216,1.227,,,,,,,,,
15-Jun-98,1.111,1.067,1.085,1.068,1,1.126,0.993,1.213,1.224,,,,,,,,,
22-Jun-98,1.106,1.064,1.082,1.066,1.002,1.121,0.99,1.202,1.212,,,,,,,,,
29-Jun-98,1.099,1.064,1.082,1.065,1,1.099,0.985,1.197,1.208,,,,,,,,,
6-Jul-98,1.103,1.06,1.071,1.065,1,1.132,0.986,1.192,1.204,,,,,,,,,
13-Jul-98,1.099,1.057,1.062,1.064,1.002,1.125,0.985,1.188,1.2,,,,,,,,,
20-Jul-98,1.098,1.058,1.062,1.064,1.003,1.119,0.991,1.185,1.196,,,,,,,,,
27-Jul-98,1.09,1.054,1.058,1.061,0.998,1.096,0.982,1.183,1.195,,,,,,,,,
3-Aug-98,1.082,1.047,1.052,1.055,0.985,1.081,0.98,1.174,1.186,,,,,,,,,
10-Aug-98,1.076,1.045,1.051,1.053,0.982,1.072,0.973,1.167,1.179,,,,,,,,,
17-Aug-98,1.072,1.04,1.048,1.048,0.967,1.069,0.968,1.162,1.175,,,,,,,,,
24-Aug-98,1.065,1.035,1.043,1.043,0.968,1.058,0.964,1.154,1.167,,,,,,,,,
31-Aug-98,1.059,1.032,1.038,1.039,0.967,1.053,0.956,1.145,1.157,,,,,,,,,
7-Sep-98,1.054,1.026,1.029,1.035,0.962,1.049,0.953,1.14,1.152,,,,,,,,,
14-Sep-98,1.049,1.024,1.028,1.032,0.955,1.046,0.95,1.129,1.141,,,,,,,,,
21-Sep-98,1.055,1.02,1.024,1.031,0.943,1.045,0.944,1.159,1.171,,,,,,,,,
28-Sep-98,1.058,1.025,1.034,1.032,0.95,1.06,0.946,1.153,1.166,,,,,,,,,
5-Oct-98,1.057,1.029,1.039,1.036,0.95,1.054,0.95,1.147,1.159,,,,,,,,,
12-Oct-98,1.06,1.035,1.047,1.042,0.958,1.057,0.96,1.14,1.151,,,,,,,,,
19-Oct-98,1.055,1.034,1.046,1.041,0.955,1.041,0.963,1.136,1.149,,,,,,,,,
26-Oct-98,1.057,1.034,1.042,1.043,0.955,1.05,0.959,1.138,1.15,,,,,,,,,
2-Nov-98,1.052,1.026,1.038,1.033,0.948,1.043,0.956,1.135,1.147,,,,,,,,,
9-Nov-98,1.051,1.025,1.036,1.034,0.939,1.049,0.952,1.132,1.144,,,,,,,,,
16-Nov-98,1.045,1.023,1.034,1.032,0.939,1.02,0.952,1.133,1.146,,,,,,,,,
23-Nov-98,1.044,1.018,1.031,1.024,0.939,1.007,0.944,1.152,1.165,,,,,,,,,
30-Nov-98,1.035,1.011,1.025,1.016,0.934,0.984,0.939,1.15,1.164,,,,,,,,,
7-Dec-98,1.024,1.005,1.019,1.01,0.928,0.965,0.929,1.137,1.151,,,,,,,,,
14-Dec-98,1.017,0.995,1.014,1,0.903,0.965,0.922,1.128,1.142,,,,,,,,,
21-Dec-98,1.014,0.989,1.009,0.994,0.903,0.961,0.918,1.13,1.145,,,,,,,,,
28-Dec-98,1.009,0.985,1.002,0.991,0.897,0.95,0.915,1.127,1.142,,,,,,,,,
4-Jan-99,1.006,0.982,1.001,0.986,0.898,0.949,0.911,1.123,1.138,,,,,,,,,
11-Jan-99,1.005,0.978,0.997,0.982,0.897,0.953,0.907,1.121,1.135,,,,,,,,,
18-Jan-99,1.013,0.977,0.995,0.98,0.898,1.007,0.897,1.117,1.13,,,,,,,,,
25-Jan-99,1.006,0.971,0.988,0.975,0.894,0.998,0.894,1.111,1.124,,,,,,,,,
1-Feb-99,0.994,0.963,0.979,0.967,0.89,0.967,0.895,1.101,1.115,,,,,,,,,
8-Feb-99,0.987,0.957,0.975,0.959,0.888,0.952,0.894,1.096,1.11,,,,,,,,,
15-Feb-99,0.981,0.949,0.969,0.951,0.873,0.942,0.887,1.093,1.108,,,,,,,,,
22-Feb-99,0.974,0.94,0.957,0.942,0.87,0.913,0.882,1.107,1.122,,,,,,,,,
1-Mar-99,0.978,0.936,0.951,0.938,0.874,0.936,0.878,1.111,1.127,,,,,,,,,
8-Mar-99,0.985,0.934,0.951,0.934,0.877,0.914,0.871,1.155,1.171,,,,,,,,,
15-Mar-99,1.03,0.959,0.977,0.957,0.91,1.024,0.905,1.185,1.2,,,,,,,,,
22-Mar-99,1.067,0.985,1.005,0.983,0.933,1.082,0.938,1.224,1.239,,,,,,,,,
29-Mar-99,1.156,1.018,1.036,1.019,0.959,1.121,0.977,1.449,1.467,,,,,,,,,
5-Apr-99,1.21,1.05,1.072,1.046,1.007,1.132,0.998,1.577,1.598,,,,,,,,,
12-Apr-99,1.239,1.078,1.097,1.078,1.025,1.152,1.016,1.617,1.637,,,,,,,,,
19-Apr-99,1.234,1.091,1.106,1.092,1.038,1.138,1.026,1.589,1.607,,,,,,,,,
26-Apr-99,1.229,1.101,1.116,1.102,1.054,1.127,1.034,1.562,1.58,,,,,,,,,
3-May-99,1.224,1.107,1.118,1.109,1.054,1.124,1.038,1.538,1.555,,,,,,,,,
10-May-99,1.231,1.12,1.128,1.125,1.063,1.175,1.042,1.505,1.521,,,,,,,,,
17-May-99,1.221,1.124,1.132,1.128,1.073,1.157,1.046,1.477,1.493,,,,,,,,,
24-May-99,1.201,1.123,1.129,1.129,1.069,1.14,1.051,1.419,1.434,,,,,,,,,
31-May-99,1.182,1.12,1.129,1.125,1.063,1.126,1.047,1.368,1.383,,,,,,,,,
7-Jun-99,1.168,1.118,1.128,1.123,1.062,1.101,1.045,1.344,1.358,,,,,,,,,
14-Jun-99,1.169,1.117,1.129,1.12,1.06,1.128,1.04,1.331,1.345,,,,,,,,,
21-Jun-99,1.176,1.117,1.128,1.12,1.061,1.147,1.044,1.338,1.354,,,,,,,,,
28-Jun-99,1.168,1.117,1.126,1.122,1.061,1.128,1.034,1.33,1.346,,,,,,,,,
5-Jul-99,1.17,1.122,1.138,1.124,1.061,1.135,1.042,1.321,1.337,,,,,,,,,
12-Jul-99,1.203,1.143,1.161,1.147,1.067,1.173,1.057,1.373,1.392,,,,,,,,,
19-Jul-99,1.232,1.159,1.177,1.162,1.088,1.165,1.076,1.454,1.474,,,,,,,,,
26-Jul-99,1.252,1.176,1.197,1.177,1.099,1.197,1.095,1.47,1.49,,,,,,,,,
2-Aug-99,1.261,1.189,1.214,1.191,1.1,1.19,1.1,1.488,1.509,,,,,,,,,
9-Aug-99,1.275,1.207,1.229,1.211,1.112,1.177,1.111,1.52,1.543,,,,,,,,,
16-Aug-99,1.299,1.227,1.252,1.23,1.129,1.243,1.133,1.519,1.541,,,,,,,,,
23-Aug-99,1.298,1.237,1.261,1.241,1.141,1.234,1.14,1.506,1.528,,,,,,,,,
30-Aug-99,1.29,1.241,1.262,1.246,1.147,1.209,1.146,1.489,1.51,,,,,,,,,
6-Sep-99,1.297,1.248,1.273,1.251,1.153,1.268,1.15,1.452,1.473,,,,,,,,,
13-Sep-99,1.294,1.258,1.28,1.26,1.174,1.248,1.162,1.44,1.459,,,,,,,,,
20-Sep-99,1.311,1.277,1.294,1.282,1.19,1.31,1.186,1.414,1.433,,,,,,,,,
27-Sep-99,1.302,1.283,1.3,1.29,1.193,1.295,1.189,1.384,1.401,,,,,,,,,
4-Oct-99,1.297,1.296,1.32,1.3,1.2,1.267,1.191,1.372,1.389,,,,,,,,,
11-Oct-99,1.299,1.298,1.321,1.303,1.194,1.257,1.191,1.383,1.399,,,,,,,,,
18-Oct-99,1.288,1.297,1.321,1.301,1.195,1.221,1.188,1.378,1.393,,,,,,,,,
25-Oct-99,1.276,1.293,1.318,1.295,1.198,1.197,1.183,1.36,1.376,,,,,,,,,
1-Nov-99,1.272,1.289,1.316,1.292,1.187,1.218,1.177,1.338,1.352,,,,,,,,,
8-Nov-99,1.271,1.285,1.313,1.287,1.187,1.234,1.172,1.328,1.341,,,,,,,,,
15-Nov-99,1.284,1.288,1.315,1.289,1.195,1.266,1.172,1.343,1.357,,,,,,,,,
22-Nov-99,1.298,1.296,1.322,1.296,1.211,1.283,1.193,1.362,1.376,,,,,,,,,
29-Nov-99,1.312,1.314,1.335,1.319,1.224,1.295,1.203,1.37,1.385,,,,,,,,,
6-Dec-99,1.313,1.317,1.337,1.319,1.241,1.281,1.205,1.383,1.396,,,,,,,,,
13-Dec-99,1.312,1.318,1.341,1.32,1.24,1.282,1.205,1.377,1.39,,,,,,,,,
20-Dec-99,1.305,1.321,1.344,1.322,1.238,1.264,1.204,1.365,1.378,,,,,,,,,
27-Dec-99,1.303,1.322,1.347,1.323,1.232,1.261,1.198,1.361,1.373,,,,,,,,,
3-Jan-00,1.306,1.323,1.351,1.324,1.229,1.272,1.204,1.357,1.37,,,,,,,,,
10-Jan-00,1.301,1.32,1.352,1.319,1.226,1.261,1.202,1.352,1.365,,,,,,,,,
17-Jan-00,1.303,1.317,1.344,1.317,1.231,1.288,1.204,1.343,1.356,,,,,,,,,
24-Jan-00,1.335,1.338,1.369,1.336,1.251,1.377,1.23,1.345,1.358,,,,,,,,,
31-Jan-00,1.34,1.342,1.37,1.341,1.259,1.349,1.23,1.379,1.393,,,,,,,,,
7-Feb-00,1.343,1.348,1.373,1.348,1.266,1.343,1.243,1.38,1.394,,,,,,,,,
14-Feb-00,1.37,1.359,1.385,1.359,1.274,1.407,1.271,1.398,1.412,,,,,,,,,
21-Feb-00,1.414,1.386,1.412,1.386,1.308,1.491,1.302,1.44,1.455,,,,,,,,,
28-Feb-00,1.438,1.4,1.422,1.399,1.34,1.475,1.315,1.512,1.53,,,,,,,,,
6-Mar-00,1.529,1.484,1.504,1.485,1.417,1.552,1.405,1.626,1.646,,,,,,,,,
13-Mar-00,1.574,1.534,1.551,1.537,1.467,1.52,1.441,1.731,1.753,,,,,,,,,
20-Mar-00,1.592,1.544,1.563,1.543,1.49,1.491,1.491,1.786,1.807,,,,,,,,,
27-Mar-00,1.583,1.542,1.558,1.544,1.477,1.462,1.487,1.781,1.802,,,,,,,,,
3-Apr-00,1.578,1.53,1.537,1.538,1.459,1.485,1.477,1.765,1.785,,,,,,,,,
10-Apr-00,1.559,1.521,1.526,1.53,1.452,1.45,1.46,1.746,1.766,,,,,,,,,
17-Apr-00,1.534,1.503,1.506,1.514,1.426,1.409,1.442,1.721,1.741,,,,,,,,,
24-Apr-00,1.532,1.493,1.498,1.502,1.425,1.468,1.412,1.691,1.709,,,,,,,,,
1-May-00,1.522,1.483,1.489,1.491,1.414,1.475,1.398,1.669,1.687,,,,,,,,,
8-May-00,1.535,1.481,1.488,1.486,1.432,1.552,1.409,1.651,1.671,,,,,,,,,
15-May-00,1.562,1.495,1.507,1.495,1.457,1.652,1.45,1.628,1.646,,,,,,,,,
22-May-00,1.587,1.526,1.546,1.52,1.49,1.731,1.462,1.629,1.625,,,,,,,,,
29-May-00,1.603,1.537,1.565,1.531,1.465,1.814,1.466,1.621,1.626,,,,,,,,,
5-Jun-00,1.627,1.562,1.604,1.566,1.484,1.835,1.484,1.607,1.613,,1.484,1.622,1.485,1.61,,1.949,1.54,1.759
12-Jun-00,1.669,1.594,1.634,1.596,1.513,1.972,1.472,1.608,1.614,,1.472,1.673,1.514,1.65,,2.091,1.537,1.766
19-Jun-00,1.694,1.627,1.661,1.631,1.548,2.003,1.514,1.611,1.618,,1.514,1.714,1.546,1.686,,2.108,1.533,1.769
26-Jun-00,1.679,1.644,1.676,1.649,1.559,1.881,1.519,1.633,1.641,,1.519,1.741,1.56,1.705,,1.989,1.561,1.785
3-Jul-00,1.666,1.655,1.679,1.663,1.581,1.722,1.515,1.701,1.71,,1.515,1.756,1.552,1.711,,1.786,1.602,1.836
10-Jul-00,1.651,1.646,1.664,1.662,1.558,1.633,1.543,1.72,1.729,,1.543,1.754,1.545,1.708,,1.688,1.617,1.861
17-Jul-00,1.62,1.641,1.654,1.658,1.547,1.522,1.53,1.713,1.72,,1.53,1.754,1.536,1.703,,1.576,1.605,1.865
24-Jul-00,1.59,1.628,1.643,1.644,1.538,1.43,1.514,1.705,1.712,,1.514,1.736,1.527,1.69,,1.45,1.592,1.866
31-Jul-00,1.553,1.61,1.628,1.625,1.528,1.346,1.492,1.674,1.681,,1.492,1.704,1.524,1.67,,1.352,1.567,1.852
7-Aug-00,1.54,1.599,1.617,1.612,1.522,1.346,1.455,1.66,1.666,,1.455,1.693,1.494,1.656,,1.357,1.539,1.843
14-Aug-00,1.536,1.589,1.613,1.6,1.499,1.355,1.434,1.661,1.668,,1.434,1.677,1.463,1.638,,1.327,1.536,1.836
21-Aug-00,1.54,1.58,1.603,1.591,1.5,1.39,1.429,1.662,1.667,,1.429,1.664,1.443,1.633,,1.368,1.519,1.856
28-Aug-00,1.555,1.577,1.601,1.587,1.505,1.416,1.432,1.695,1.702,,1.432,1.646,1.451,1.623,,1.406,1.569,1.88
4-Sep-00,1.605,1.576,1.604,1.583,1.508,1.533,1.434,1.778,1.79,,1.434,1.637,1.45,1.625,,1.545,1.653,1.928
11-Sep-00,1.632,1.591,1.621,1.596,1.522,1.545,1.451,1.836,1.849,,1.451,1.653,1.455,1.634,,1.533,1.695,1.972
18-Sep-00,1.624,1.59,1.621,1.595,1.514,1.532,1.452,1.822,1.832,,1.452,1.648,1.453,1.63,,1.506,1.693,1.966
25-Sep-00,1.615,1.587,1.621,1.59,1.517,1.506,1.435,1.823,1.832,,1.435,1.644,1.43,1.626,,1.496,1.685,1.963
2-Oct-00,1.601,1.574,1.611,1.578,1.487,1.465,1.438,1.823,1.832,,1.438,1.634,1.436,1.616,,1.471,1.722,1.952
9-Oct-00,1.589,1.563,1.601,1.565,1.473,1.448,1.414,1.817,1.826,,1.414,1.619,1.409,1.605,,1.443,1.714,1.956
16-Oct-00,1.603,1.558,1.589,1.571,1.449,1.542,1.412,1.801,1.809,,1.412,1.628,1.417,1.609,,1.556,1.696,1.951
23-Oct-00,1.599,1.563,1.59,1.57,1.482,1.524,1.418,1.789,1.797,,1.418,1.633,1.419,1.611,,1.515,1.681,1.945
30-Oct-00,1.606,1.56,1.591,1.569,1.477,1.562,1.415,1.789,1.796,,1.415,1.637,1.409,1.613,,1.573,1.686,1.942
6-Nov-00,1.594,1.563,1.592,1.568,1.477,1.518,1.403,1.785,1.791,,1.403,1.637,1.399,1.613,,1.546,1.677,1.938
13-Nov-00,1.587,1.556,1.587,1.56,1.469,1.51,1.404,1.771,1.777,,1.404,1.629,1.402,1.603,,1.511,1.661,1.929
20-Nov-00,1.579,1.55,1.585,1.553,1.467,1.52,1.397,1.747,1.752,,1.397,1.62,1.392,1.603,,1.543,1.627,1.911
27-Nov-00,1.571,1.548,1.586,1.549,1.459,1.496,1.396,1.739,1.744,,1.396,1.617,1.395,1.599,,1.511,1.619,1.902
4-Dec-00,1.55,1.54,1.575,1.542,1.461,1.457,1.386,1.717,1.721,,1.386,1.605,1.383,1.592,,1.484,1.618,1.884
11-Dec-00,1.524,1.523,1.558,1.53,1.426,1.418,1.363,1.684,1.688,,1.363,1.592,1.366,1.579,,1.452,1.578,1.86
18-Dec-00,1.499,1.509,1.544,1.511,1.415,1.386,1.332,1.655,1.658,,1.332,1.58,1.335,1.558,,1.421,1.561,1.837
25-Dec-00,1.491,1.49,1.531,1.499,1.355,1.401,1.317,1.643,1.647,,1.317,1.572,1.319,1.545,,1.415,1.57,1.805
1-Jan-01,1.489,1.486,1.521,1.492,1.385,1.42,1.323,1.624,1.629,,1.323,1.562,1.352,1.537,,1.487,1.542,1.791
8-Jan-01,1.492,1.474,1.509,1.48,1.374,1.452,1.333,1.622,1.627,,1.333,1.552,1.342,1.524,,1.477,1.543,1.774
15-Jan-01,1.511,1.483,1.514,1.483,1.419,1.525,1.383,1.596,1.6,,1.383,1.545,1.383,1.516,,1.569,1.517,1.743
22-Jan-01,1.509,1.484,1.513,1.483,1.45,1.521,1.409,1.578,1.582,,1.409,1.536,1.403,1.51,,1.546,1.488,1.734
29-Jan-01,1.497,1.478,1.509,1.477,1.435,1.505,1.394,1.563,1.566,,1.394,1.533,1.383,1.509,,1.541,1.457,1.723
5-Feb-01,1.489,1.471,1.499,1.471,1.431,1.465,1.377,1.586,1.59,,1.377,1.527,1.364,1.505,,1.501,1.51,1.718
12-Feb-01,1.514,1.477,1.503,1.479,1.437,1.503,1.384,1.632,1.637,,1.384,1.535,1.381,1.507,,1.525,1.563,1.748
19-Feb-01,1.507,1.472,1.499,1.474,1.436,1.453,1.383,1.655,1.66,,1.383,1.53,1.379,1.508,,1.477,1.587,1.763
26-Feb-01,1.491,1.465,1.492,1.466,1.423,1.402,1.365,1.656,1.662,,1.365,1.523,1.362,1.499,,1.426,1.588,1.767
5-Mar-01,1.489,1.453,1.484,1.455,1.395,1.385,1.34,1.687,1.694,,1.34,1.515,1.324,1.492,,1.411,1.619,1.796
12-Mar-01,1.485,1.446,1.477,1.449,1.378,1.385,1.332,1.691,1.7,,1.332,1.509,1.32,1.481,,1.374,1.622,1.803
19-Mar-01,1.482,1.434,1.451,1.442,1.373,1.389,1.332,1.687,1.695,,1.332,1.5,1.326,1.471,,1.408,1.608,1.813
26-Mar-01,1.475,1.426,1.443,1.425,1.426,1.381,1.35,1.676,1.683,,1.35,1.496,1.353,1.457,,1.357,1.596,1.81
2-Apr-01,1.518,1.433,1.441,1.437,1.426,1.495,1.392,1.708,1.716,,1.392,1.507,1.398,1.466,,1.52,1.637,1.844
9-Apr-01,1.575,1.472,1.479,1.472,1.483,1.606,1.449,1.746,1.754,,1.449,1.544,1.449,1.492,,1.644,1.671,1.901
16-Apr-01,1.631,1.534,1.526,1.531,1.584,1.636,1.558,1.79,1.798,,1.558,1.603,1.552,1.552,,1.62,1.693,1.954
23-Apr-01,1.696,1.585,1.584,1.589,1.56,1.79,1.588,1.82,1.828,,1.588,1.673,1.572,1.615,,1.853,1.736,1.96
30-Apr-01,1.724,1.639,1.634,1.647,1.61,1.764,1.603,1.86,1.867,,1.603,1.721,1.591,1.668,,1.832,1.778,2
7-May-01,1.794,1.681,1.68,1.69,1.634,1.903,1.627,1.929,1.938,,1.627,1.78,1.613,1.723,,1.973,1.927,2.018
14-May-01,1.821,1.717,1.727,1.725,1.644,1.939,1.638,1.945,1.954,,1.638,1.818,1.629,1.759,,2.049,1.975,1.976
21-May-01,1.802,1.715,1.732,1.722,1.619,1.872,1.616,1.943,1.951,,1.616,1.819,1.598,1.761,,1.978,1.977,2.023
28-May-01,1.807,1.743,1.766,1.753,1.613,1.853,1.619,1.939,1.947,,1.619,1.853,1.588,1.797,,1.93,1.969,2.041
4-Jun-01,1.79,1.739,1.765,1.749,1.597,1.813,1.602,1.923,1.931,,1.602,1.853,1.56,1.797,,1.893,1.938,2.03
11-Jun-01,1.783,1.731,1.756,1.737,1.563,1.724,1.569,1.94,1.946,,1.569,1.833,1.529,1.783,,1.802,1.952,2.031
18-Jun-01,1.75,1.709,1.73,1.716,1.554,1.627,1.549,1.923,1.929,,1.549,1.798,1.51,1.762,,1.699,1.938,2.01
25-Jun-01,1.708,1.683,1.705,1.689,1.531,1.503,1.522,1.895,1.901,,1.522,1.77,1.484,1.744,,1.572,1.906,1.982
2-Jul-01,1.654,1.647,1.667,1.656,1.487,1.388,1.452,1.853,1.859,,1.452,1.731,1.424,1.71,,1.438,1.873,1.946
9-Jul-01,1.613,1.62,1.634,1.633,1.454,1.316,1.386,1.818,1.824,,1.386,1.704,1.358,1.684,,1.35,1.826,1.926
16-Jul-01,1.579,1.587,1.595,1.604,1.406,1.317,1.346,1.769,1.776,,1.346,1.68,1.327,1.66,,1.305,1.776,1.891
23-Jul-01,1.55,1.548,1.552,1.569,1.353,1.362,1.319,1.716,1.722,,1.319,1.64,1.298,1.621,,1.419,1.709,1.843
30-Jul-01,1.514,1.513,1.51,1.537,1.328,1.346,1.298,1.663,1.669,,1.298,1.617,1.277,1.586,,1.37,1.661,1.79
6-Aug-01,1.49,1.485,1.484,1.507,1.301,1.385,1.286,1.61,1.616,,1.286,1.593,1.257,1.556,,1.443,1.586,1.748
13-Aug-01,1.482,1.477,1.468,1.501,1.314,1.47,1.287,1.554,1.56,,1.287,1.587,1.269,1.557,,1.523,1.542,1.679
20-Aug-01,1.485,1.465,1.462,1.483,1.322,1.582,1.304,1.518,1.523,,1.304,1.569,1.297,1.542,,1.654,1.485,1.659
27-Aug-01,1.505,1.451,1.45,1.468,1.307,1.716,1.307,1.529,1.535,,1.307,1.552,1.3,1.525,,1.785,1.478,1.675
3-Sep-01,1.559,1.448,1.451,1.461,1.325,1.809,1.349,1.635,1.643,,1.349,1.547,1.333,1.511,,1.884,1.558,1.817
10-Sep-01,1.559,1.446,1.447,1.46,1.333,1.741,1.353,1.67,1.677,,1.353,1.549,1.347,1.508,,1.834,1.599,1.842
17-Sep-01,1.554,1.443,1.451,1.45,1.35,1.708,1.375,1.665,1.672,,1.375,1.546,1.374,1.502,,1.793,1.579,1.831
24-Sep-01,1.534,1.435,1.446,1.441,1.337,1.644,1.359,1.653,1.66,,1.359,1.539,1.366,1.492,,1.736,1.563,1.817
1-Oct-01,1.487,1.402,1.419,1.413,1.232,1.532,1.324,1.618,1.624,,1.324,1.501,1.325,1.463,,1.647,1.524,1.795
8-Oct-01,1.438,1.371,1.39,1.381,1.206,1.419,1.279,1.576,1.582,,1.279,1.472,1.269,1.427,,1.517,1.463,1.765
15-Oct-01,1.401,1.34,1.37,1.348,1.143,1.352,1.244,1.545,1.55,,1.244,1.438,1.23,1.403,,1.429,1.427,1.738
22-Oct-01,1.355,1.307,1.332,1.318,1.107,1.274,1.191,1.5,1.505,,1.191,1.408,1.181,1.372,,1.325,1.377,1.699
29-Oct-01,1.319,1.276,1.297,1.286,1.106,1.226,1.162,1.464,1.469,,1.162,1.382,1.159,1.344,,1.255,1.336,1.683
5-Nov-01,1.28,1.24,1.257,1.252,1.07,1.199,1.114,1.418,1.422,,1.114,1.347,1.1,1.305,,1.205,1.276,1.647
12-Nov-01,1.253,1.213,1.233,1.22,1.075,1.207,1.079,1.375,1.379,,1.079,1.321,1.07,1.276,,1.276,1.231,1.609
19-Nov-01,1.222,1.182,1.204,1.189,1.038,1.206,1.051,1.331,1.335,,1.051,1.295,1.048,1.247,,1.24,1.183,1.574
26-Nov-01,1.186,1.155,1.175,1.162,1.006,1.155,1.02,1.29,1.293,,1.02,1.274,1.004,1.22,,1.181,1.145,1.526
3-Dec-01,1.156,1.127,1.14,1.134,1.005,1.152,1.004,1.24,1.243,,1.004,1.246,0.99,1.193,,1.186,1.101,1.466
10-Dec-01,1.134,1.107,1.122,1.112,0.996,1.169,0.993,1.194,1.197,,0.993,1.225,0.975,1.169,,1.202,1.056,1.417
17-Dec-01,1.093,1.091,1.111,1.092,0.993,1.079,0.979,1.138,1.141,,0.979,1.206,0.97,1.144,,1.106,1.002,1.35
24-Dec-01,1.088,1.093,1.107,1.098,0.998,1.106,0.982,1.107,1.109,,0.982,1.192,0.973,1.137,,1.143,0.977,1.296
31-Dec-01,1.097,1.091,1.11,1.089,1.024,1.179,0.99,1.098,1.1,,0.99,1.196,0.992,1.131,,1.203,0.966,1.275
7-Jan-02,1.117,1.109,1.13,1.107,1.042,1.176,1.025,1.127,1.129,,1.025,1.211,1.018,1.143,,1.184,1.023,1.277
14-Jan-02,1.134,1.133,1.153,1.134,1.044,1.105,1.031,1.18,1.182,,1.031,1.24,1.022,1.165,,1.099,1.108,1.298
21-Jan-02,1.141,1.133,1.154,1.131,1.049,1.114,1.018,1.203,1.206,,1.018,1.239,1.009,1.162,,1.095,1.159,1.276
28-Jan-02,1.142,1.127,1.152,1.124,1.038,1.1,1.013,1.22,1.224,,1.013,1.237,0.998,1.162,,1.098,1.197,1.265
4-Feb-02,1.154,1.123,1.148,1.119,1.04,1.125,1.017,1.247,1.251,,1.017,1.227,1.008,1.155,,1.115,1.237,1.245
11-Feb-02,1.152,1.125,1.147,1.124,1.037,1.096,1.025,1.25,1.254,,1.025,1.224,1.022,1.157,,1.094,1.24,1.237
18-Feb-02,1.169,1.126,1.153,1.123,1.034,1.126,1.048,1.28,1.286,,1.048,1.218,1.054,1.156,,1.135,1.278,1.273
25-Feb-02,1.174,1.132,1.155,1.13,1.042,1.108,1.044,1.297,1.304,,1.044,1.219,1.039,1.162,,1.134,1.28,1.306
4-Mar-02,1.196,1.133,1.159,1.13,1.044,1.182,1.046,1.324,1.331,,1.046,1.218,1.041,1.165,,1.201,1.303,1.343
11-Mar-02,1.279,1.185,1.205,1.177,1.155,1.246,1.152,1.446,1.454,,1.152,1.261,1.146,1.204,,1.28,1.444,1.44
18-Mar-02,1.341,1.249,1.273,1.245,1.183,1.34,1.211,1.49,1.498,,1.211,1.324,1.217,1.271,,1.379,1.483,1.506
25-Mar-02,1.41,1.313,1.331,1.309,1.263,1.428,1.288,1.554,1.561,,1.288,1.399,1.288,1.338,,1.487,1.543,1.574
1-Apr-02,1.436,1.352,1.363,1.352,1.31,1.414,1.313,1.584,1.592,,1.313,1.435,1.31,1.373,,1.469,1.567,1.632
8-Apr-02,1.476,1.385,1.39,1.385,1.36,1.494,1.351,1.614,1.622,,1.351,1.466,1.355,1.405,,1.57,1.582,1.673
15-Apr-02,1.478,1.406,1.411,1.408,1.37,1.449,1.369,1.61,1.617,,1.369,1.502,1.371,1.437,,1.528,1.581,1.668
22-Apr-02,1.478,1.417,1.422,1.42,1.369,1.435,1.368,1.606,1.613,,1.368,1.515,1.371,1.45,,1.495,1.574,1.668
29-Apr-02,1.475,1.418,1.422,1.422,1.372,1.423,1.361,1.602,1.607,,1.361,1.513,1.359,1.451,,1.475,1.57,1.66
6-May-02,1.474,1.422,1.425,1.426,1.377,1.443,1.359,1.584,1.589,,1.359,1.512,1.354,1.457,,1.499,1.552,1.646
13-May-02,1.467,1.423,1.421,1.429,1.372,1.446,1.348,1.567,1.571,,1.348,1.522,1.334,1.457,,1.504,1.539,1.622
20-May-02,1.473,1.42,1.422,1.426,1.36,1.516,1.347,1.553,1.557,,1.347,1.513,1.334,1.457,,1.6,1.523,1.611
27-May-02,1.465,1.417,1.42,1.422,1.355,1.485,1.34,1.55,1.554,,1.34,1.507,1.33,1.451,,1.557,1.517,1.62
3-Jun-02,1.469,1.412,1.414,1.418,1.345,1.501,1.346,1.559,1.563,,1.346,1.503,1.321,1.45,,1.58,1.521,1.633
10-Jun-02,1.462,1.409,1.41,1.417,1.331,1.473,1.335,1.559,1.563,,1.335,1.492,1.31,1.442,,1.545,1.533,1.633
17-Jun-02,1.464,1.399,1.406,1.405,1.316,1.436,1.325,1.597,1.601,,1.325,1.487,1.296,1.437,,1.505,1.574,1.655
24-Jun-02,1.468,1.393,1.397,1.401,1.315,1.445,1.313,1.615,1.618,,1.313,1.484,1.294,1.433,,1.484,1.58,1.688
1-Jul-02,1.461,1.387,1.389,1.396,1.307,1.425,1.306,1.614,1.618,,1.306,1.479,1.294,1.429,,1.473,1.577,1.687
8-Jul-02,1.456,1.384,1.386,1.392,1.302,1.412,1.304,1.609,1.613,,1.304,1.475,1.292,1.426,,1.462,1.573,1.681
15-Jul-02,1.461,1.387,1.399,1.392,1.292,1.454,1.308,1.6,1.604,,1.308,1.477,1.3,1.427,,1.488,1.566,1.679
22-Jul-02,1.469,1.415,1.421,1.419,1.353,1.454,1.317,1.588,1.591,,1.317,1.503,1.32,1.448,,1.479,1.545,1.669
29-Jul-02,1.468,1.419,1.431,1.422,1.337,1.466,1.316,1.575,1.578,,1.316,1.512,1.311,1.458,,1.543,1.528,1.659
5-Aug-02,1.475,1.43,1.442,1.436,1.333,1.449,1.322,1.589,1.593,,1.322,1.53,1.309,1.471,,1.5,1.562,1.677
12-Aug-02,1.468,1.43,1.442,1.435,1.334,1.424,1.315,1.583,1.586,,1.315,1.531,1.306,1.473,,1.466,1.547,1.664
19-Aug-02,1.462,1.429,1.445,1.433,1.325,1.407,1.305,1.577,1.581,,1.305,1.53,1.299,1.475,,1.468,1.535,1.659
26-Aug-02,1.479,1.435,1.449,1.44,1.328,1.465,1.321,1.589,1.593,,1.321,1.537,1.317,1.482,,1.512,1.566,1.656
2-Sep-02,1.476,1.433,1.448,1.438,1.329,1.439,1.313,1.595,1.599,,1.313,1.534,1.314,1.482,,1.48,1.582,1.651
9-Sep-02,1.475,1.431,1.446,1.437,1.315,1.465,1.306,1.586,1.59,,1.306,1.532,1.307,1.483,,1.514,1.566,1.646
16-Sep-02,1.469,1.432,1.444,1.437,1.332,1.436,1.322,1.576,1.58,,1.322,1.533,1.326,1.482,,1.468,1.554,1.638
23-Sep-02,1.472,1.432,1.446,1.435,1.342,1.473,1.324,1.565,1.569,,1.324,1.531,1.323,1.483,,1.511,1.537,1.621
30-Sep-02,1.47,1.44,1.451,1.444,1.367,1.457,1.336,1.555,1.559,,1.336,1.544,1.327,1.488,,1.501,1.524,1.617
7-Oct-02,1.484,1.448,1.455,1.451,1.387,1.533,1.354,1.543,1.546,,1.354,1.548,1.349,1.492,,1.575,1.504,1.612
14-Oct-02,1.478,1.448,1.455,1.454,1.369,1.515,1.368,1.53,1.534,,1.368,1.55,1.369,1.495,,1.528,1.492,1.578
21-Oct-02,1.489,1.456,1.458,1.46,1.417,1.57,1.387,1.52,1.524,,1.387,1.556,1.381,1.499,,1.594,1.476,1.587
28-Oct-02,1.48,1.457,1.466,1.458,1.41,1.52,1.383,1.517,1.521,,1.383,1.553,1.383,1.498,,1.563,1.462,1.589
4-Nov-02,1.489,1.461,1.468,1.463,1.414,1.494,1.373,1.557,1.562,,1.373,1.561,1.372,1.503,,1.548,1.515,1.648
11-Nov-02,1.505,1.478,1.49,1.483,1.386,1.496,1.366,1.586,1.592,,1.366,1.584,1.372,1.521,,1.545,1.54,1.682
18-Nov-02,1.486,1.47,1.493,1.473,1.342,1.417,1.345,1.582,1.587,,1.345,1.58,1.349,1.518,,1.468,1.533,1.681
25-Nov-02,1.468,1.468,1.483,1.473,1.363,1.36,1.324,1.565,1.57,,1.324,1.573,1.339,1.517,,1.414,1.51,1.664
2-Dec-02,1.459,1.465,1.484,1.47,1.344,1.336,1.312,1.557,1.562,,1.312,1.574,1.335,1.515,,1.381,1.502,1.657
9-Dec-02,1.448,1.461,1.478,1.466,1.336,1.336,1.3,1.535,1.54,,1.3,1.569,1.308,1.512,,1.365,1.473,1.646
16-Dec-02,1.446,1.454,1.473,1.458,1.339,1.369,1.293,1.521,1.525,,1.293,1.56,1.296,1.507,,1.381,1.452,1.636
23-Dec-02,1.46,1.468,1.474,1.475,1.379,1.418,1.323,1.515,1.52,,1.323,1.575,1.323,1.522,,1.434,1.446,1.633
30-Dec-02,1.491,1.494,1.501,1.501,1.409,1.489,1.369,1.527,1.532,,1.369,1.602,1.353,1.542,,1.502,1.461,1.651
6-Jan-03,1.507,1.505,1.512,1.512,1.42,1.449,1.398,1.571,1.577,,1.398,1.615,1.384,1.552,,1.473,1.527,1.687
13-Jan-03,1.516,1.506,1.517,1.509,1.426,1.476,1.394,1.587,1.592,,1.394,1.613,1.379,1.549,,1.504,1.533,1.719
20-Jan-03,1.534,1.506,1.517,1.51,1.428,1.491,1.401,1.628,1.634,,1.401,1.607,1.389,1.554,,1.521,1.577,1.762
27-Jan-03,1.544,1.51,1.519,1.515,1.425,1.51,1.408,1.642,1.649,,1.408,1.608,1.406,1.551,,1.518,1.601,1.765
3-Feb-03,1.585,1.544,1.553,1.548,1.472,1.57,1.467,1.676,1.683,,1.467,1.641,1.473,1.579,,1.566,1.629,1.802
10-Feb-03,1.656,1.617,1.634,1.618,1.531,1.639,1.547,1.746,1.752,,1.547,1.715,1.554,1.649,,1.633,1.709,1.844
17-Feb-03,1.722,1.655,1.68,1.652,1.573,1.703,1.576,1.856,1.862,,1.576,1.758,1.568,1.685,,1.712,1.836,1.963
24-Feb-03,1.741,1.658,1.677,1.659,1.567,1.683,1.573,1.916,1.922,,1.573,1.764,1.567,1.694,,1.721,1.886,2.011
3-Mar-03,1.778,1.662,1.675,1.666,1.568,1.717,1.571,2.006,2.012,,1.571,1.766,1.568,1.701,,1.746,1.983,2.088
10-Mar-03,1.812,1.669,1.681,1.675,1.574,1.75,1.583,2.079,2.084,,1.583,1.773,1.583,1.708,,1.785,2.06,2.15
17-Mar-03,1.838,1.684,1.701,1.685,1.603,1.729,1.604,2.142,2.145,,1.604,1.784,1.596,1.719,,1.756,2.134,2.19
24-Mar-03,1.82,1.677,1.684,1.682,1.603,1.645,1.584,2.139,2.143,,1.584,1.782,1.567,1.714,,1.691,2.137,2.175
31-Mar-03,1.795,1.661,1.663,1.669,1.583,1.571,1.556,2.127,2.13,,1.556,1.766,1.549,1.697,,1.606,2.128,2.165
7-Apr-03,1.778,1.646,1.65,1.655,1.561,1.556,1.524,2.112,2.115,,1.524,1.749,1.51,1.684,,1.584,2.112,2.146
14-Apr-03,1.747,1.627,1.632,1.637,1.522,1.51,1.491,2.074,2.077,,1.491,1.734,1.475,1.669,,1.526,2.085,2.104
21-Apr-03,1.718,1.609,1.609,1.623,1.49,1.537,1.462,2.007,2.009,,1.462,1.715,1.452,1.654,,1.559,1.986,2.062
28-Apr-03,1.701,1.593,1.593,1.607,1.473,1.56,1.441,1.975,1.977,,1.441,1.701,1.413,1.635,,1.609,1.952,2.03
5-May-03,1.659,1.575,1.572,1.589,1.468,1.466,1.403,1.926,1.928,,1.403,1.678,1.382,1.613,,1.516,1.911,1.986
12-May-03,1.62,1.544,1.541,1.559,1.425,1.45,1.371,1.864,1.867,,1.371,1.661,1.357,1.593,,1.511,1.863,1.925
19-May-03,1.607,1.527,1.528,1.54,1.418,1.535,1.369,1.807,1.809,,1.369,1.645,1.356,1.575,,1.566,1.799,1.887
26-May-03,1.584,1.515,1.512,1.529,1.411,1.53,1.37,1.759,1.763,1.498,1.37,1.62,1.353,1.559,1.508,1.591,1.749,1.836
2-Jun-03,1.564,1.502,1.506,1.513,1.407,1.502,1.361,1.724,1.732,1.49,1.361,1.608,1.346,1.538,1.501,1.556,1.723,1.803
9-Jun-03,1.56,1.493,1.504,1.501,1.403,1.577,1.383,1.687,1.696,1.477,1.383,1.593,1.368,1.518,1.488,1.632,1.69,1.771
16-Jun-03,1.598,1.496,1.517,1.498,1.426,1.583,1.408,1.775,1.787,1.495,1.408,1.591,1.38,1.504,1.503,1.637,1.773,1.869
23-Jun-03,1.591,1.49,1.515,1.489,1.424,1.513,1.394,1.791,1.805,1.488,1.394,1.583,1.362,1.496,1.498,1.57,1.769,1.904
30-Jun-03,1.58,1.484,1.51,1.483,1.417,1.48,1.376,1.784,1.8,1.48,1.376,1.583,1.349,1.491,1.49,1.53,1.765,1.913
7-Jul-03,1.577,1.482,1.51,1.48,1.412,1.498,1.383,1.77,1.785,1.482,1.383,1.596,1.361,1.494,1.493,1.535,1.736,1.907
14-Jul-03,1.589,1.51,1.528,1.508,1.469,1.547,1.427,1.742,1.757,1.505,1.427,1.61,1.403,1.517,1.512,1.576,1.712,1.873
21-Jul-03,1.584,1.521,1.54,1.52,1.475,1.55,1.438,1.71,1.725,1.519,1.438,1.622,1.415,1.528,1.528,1.615,1.683,1.839
28-Jul-03,1.574,1.519,1.539,1.518,1.47,1.537,1.436,1.692,1.707,1.518,1.436,1.629,1.412,1.529,1.523,1.545,1.662,1.801
4-Aug-03,1.579,1.523,1.552,1.518,1.467,1.565,1.446,1.687,1.703,1.533,1.446,1.622,1.417,1.53,1.535,1.61,1.673,1.787
11-Aug-03,1.614,1.549,1.576,1.544,1.497,1.605,1.479,1.732,1.743,1.559,1.479,1.639,1.452,1.561,1.563,1.63,1.721,1.827
18-Aug-03,1.699,1.584,1.604,1.583,1.532,1.613,1.507,1.916,1.92,1.585,1.507,1.683,1.494,1.6,1.585,1.673,1.922,2.007
25-Aug-03,1.859,1.739,1.772,1.746,1.613,1.796,1.578,2.1,2.101,1.757,1.578,1.882,1.566,1.776,1.747,1.837,2.141,2.157
1-Sep-03,1.868,1.785,1.825,1.793,1.624,1.751,1.583,2.089,2.1,1.806,1.583,1.94,1.57,1.837,1.799,1.807,2.131,2.149
8-Sep-03,1.851,1.776,1.809,1.789,1.608,1.716,1.56,2.071,2.085,1.791,1.56,1.932,1.552,1.827,1.783,1.811,2.112,2.138
15-Sep-03,1.824,1.756,1.796,1.768,1.583,1.734,1.519,2.026,2.034,1.78,1.519,1.919,1.515,1.807,1.775,1.806,2.056,2.11
22-Sep-03,1.776,1.732,1.769,1.743,1.572,1.63,1.491,1.963,1.978,1.76,1.491,1.888,1.479,1.774,1.756,1.724,2.004,2.047
29-Sep-03,1.732,1.711,1.744,1.723,1.552,1.551,1.458,1.903,1.912,1.729,1.458,1.867,1.434,1.756,1.725,1.658,1.933,1.957
6-Oct-03,1.704,1.693,1.718,1.71,1.529,1.578,1.424,1.845,1.854,1.706,1.424,1.848,1.407,1.739,1.7,1.645,1.87,1.917
13-Oct-03,1.68,1.674,1.702,1.689,1.51,1.603,1.41,1.795,1.805,1.692,1.41,1.824,1.39,1.723,1.69,1.672,1.809,1.879
20-Oct-03,1.662,1.662,1.687,1.679,1.504,1.61,1.406,1.759,1.769,1.672,1.406,1.815,1.383,1.713,1.675,1.665,1.773,1.826
27-Oct-03,1.634,1.639,1.655,1.659,1.489,1.562,1.393,1.727,1.737,1.637,1.393,1.788,1.371,1.693,1.64,1.627,1.727,1.795
3-Nov-03,1.62,1.617,1.625,1.64,1.473,1.604,1.386,1.701,1.711,1.603,1.386,1.784,1.364,1.675,1.609,1.667,1.708,1.76
10-Nov-03,1.59,1.592,1.596,1.616,1.45,1.532,1.366,1.675,1.685,1.566,1.366,1.758,1.347,1.654,1.574,1.601,1.672,1.744
17-Nov-03,1.577,1.571,1.565,1.599,1.435,1.507,1.373,1.67,1.681,1.529,1.373,1.741,1.358,1.635,1.54,1.566,1.675,1.714
24-Nov-03,1.584,1.56,1.561,1.582,1.437,1.554,1.388,1.68,1.691,1.531,1.388,1.723,1.37,1.615,1.54,1.586,1.707,1.7
1-Dec-03,1.567,1.55,1.552,1.574,1.417,1.495,1.377,1.669,1.68,1.521,1.377,1.719,1.36,1.608,1.529,1.553,1.695,1.683
8-Dec-03,1.549,1.536,1.537,1.561,1.399,1.486,1.362,1.642,1.652,1.503,1.362,1.708,1.339,1.597,1.512,1.538,1.673,1.671
15-Dec-03,1.532,1.528,1.53,1.55,1.397,1.465,1.355,1.614,1.624,1.494,1.355,1.695,1.335,1.587,1.505,1.538,1.65,1.636
22-Dec-03,1.538,1.529,1.537,1.547,1.41,1.51,1.39,1.604,1.615,1.507,1.39,1.69,1.366,1.581,1.512,1.546,1.623,1.62
29-Dec-03,1.527,1.528,1.535,1.544,1.42,1.475,1.389,1.586,1.595,1.505,1.389,1.683,1.368,1.575,1.512,1.519,1.596,1.616
5-Jan-04,1.547,1.537,1.545,1.55,1.443,1.527,1.413,1.607,1.617,1.516,1.413,1.681,1.393,1.578,1.52,1.565,1.632,1.644
12-Jan-04,1.594,1.577,1.59,1.581,1.52,1.581,1.463,1.658,1.667,1.561,1.463,1.706,1.438,1.604,1.564,1.615,1.691,1.684
19-Jan-04,1.628,1.612,1.623,1.617,1.552,1.633,1.515,1.679,1.69,1.594,1.515,1.738,1.493,1.634,1.593,1.663,1.721,1.714
26-Jan-04,1.661,1.641,1.658,1.644,1.573,1.689,1.534,1.713,1.726,1.637,1.534,1.763,1.521,1.661,1.636,1.713,1.748,1.763
2-Feb-04,1.67,1.651,1.663,1.658,1.585,1.636,1.552,1.739,1.753,1.644,1.552,1.783,1.533,1.676,1.642,1.676,1.79,1.765
9-Feb-04,1.7,1.652,1.663,1.657,1.589,1.689,1.547,1.806,1.821,1.644,1.547,1.781,1.525,1.674,1.642,1.72,1.873,1.841
16-Feb-04,1.714,1.65,1.664,1.655,1.585,1.671,1.541,1.852,1.868,1.645,1.541,1.787,1.521,1.677,1.643,1.722,1.917,1.874
23-Feb-04,1.786,1.671,1.684,1.676,1.601,1.707,1.562,2.011,2.029,1.665,1.562,1.805,1.541,1.697,1.666,1.737,2.094,2.064
1-Mar-04,1.826,1.693,1.702,1.701,1.624,1.724,1.56,2.094,2.109,1.681,1.56,1.835,1.534,1.72,1.683,1.755,2.179,2.155
8-Mar-04,1.838,1.716,1.724,1.725,1.646,1.708,1.59,2.096,2.112,1.702,1.59,1.864,1.574,1.741,1.703,1.773,2.175,2.154
15-Mar-04,1.828,1.717,1.723,1.728,1.642,1.672,1.583,2.083,2.097,1.705,1.583,1.861,1.569,1.742,1.704,1.715,2.15,2.138
22-Mar-04,1.838,1.73,1.734,1.739,1.666,1.72,1.613,2.069,2.083,1.714,1.613,1.872,1.597,1.752,1.715,1.758,2.139,2.125
29-Mar-04,1.847,1.74,1.741,1.75,1.684,1.764,1.625,2.064,2.079,1.726,1.625,1.884,1.612,1.758,1.725,1.825,2.111,2.108
5-Apr-04,1.871,1.745,1.742,1.756,1.692,1.778,1.652,2.113,2.126,1.73,1.652,1.893,1.635,1.762,1.729,1.842,2.179,2.142
12-Apr-04,1.883,1.743,1.731,1.758,1.692,1.803,1.643,2.142,2.157,1.713,1.643,1.895,1.632,1.765,1.71,1.855,2.21,2.176
19-Apr-04,1.899,1.763,1.755,1.776,1.718,1.848,1.681,2.135,2.148,1.739,1.681,1.902,1.665,1.781,1.737,1.888,2.195,2.147
26-Apr-04,1.891,1.772,1.769,1.784,1.721,1.835,1.67,2.112,2.124,1.749,1.67,1.921,1.652,1.792,1.745,1.897,2.162,2.133
3-May-04,1.913,1.806,1.801,1.821,1.74,1.899,1.698,2.104,2.115,1.783,1.698,1.946,1.686,1.83,1.782,1.954,2.145,2.126
10-May-04,2.017,1.91,1.922,1.919,1.827,1.974,1.799,2.218,2.223,1.907,1.799,2.028,1.783,1.936,1.904,2.014,2.25,2.237
17-May-04,2.095,2.011,2.03,2.017,1.929,2.095,1.862,2.261,2.269,2.015,1.862,2.132,1.847,2.038,2.017,2.149,2.304,2.295
24-May-04,2.145,2.076,2.083,2.09,1.983,2.098,1.906,2.312,2.324,2.066,1.906,2.194,1.886,2.097,2.064,2.176,2.356,2.355
31-May-04,2.15,2.1,2.113,2.115,1.983,2.06,1.901,2.314,2.327,2.102,1.901,2.226,1.881,2.127,2.098,2.136,2.361,2.349
7-Jun-04,2.14,2.099,2.117,2.114,1.964,2.021,1.894,2.303,2.316,2.107,1.894,2.239,1.88,2.134,2.101,2.109,2.344,2.348
14-Jun-04,2.11,2.079,2.1,2.095,1.937,1.943,1.872,2.275,2.289,2.088,1.872,2.233,1.845,2.126,2.081,2.027,2.317,2.328
21-Jun-04,2.072,2.047,2.063,2.069,1.884,1.877,1.84,2.24,2.259,2.051,1.84,2.207,1.809,2.098,2.047,1.951,2.284,2.286
28-Jun-04,2.049,2.018,2.024,2.044,1.857,1.886,1.809,2.216,2.237,2.01,1.809,2.194,1.778,2.075,2.01,1.936,2.263,2.27
5-Jul-04,2.02,1.99,1.987,2.021,1.835,1.864,1.774,2.183,2.204,1.968,1.774,2.183,1.739,2.05,1.968,1.918,2.223,2.24
12-Jul-04,2.017,1.975,1.965,2.004,1.842,1.914,1.782,2.172,2.193,1.95,1.782,2.163,1.748,2.037,1.95,1.945,2.208,2.22
19-Jul-04,2.014,1.969,1.957,1.996,1.864,1.921,1.791,2.164,2.186,1.939,1.791,2.153,1.766,2.029,1.94,1.98,2.193,2.197
26-Jul-04,1.996,1.954,1.94,1.981,1.847,1.898,1.788,2.14,2.162,1.912,1.788,2.136,1.764,2.018,1.913,1.937,2.171,2.172
2-Aug-04,1.975,1.943,1.934,1.969,1.828,1.88,1.767,2.108,2.128,1.911,1.767,2.121,1.746,2.002,1.911,1.912,2.125,2.161
9-Aug-04,1.957,1.93,1.922,1.956,1.812,1.883,1.758,2.075,2.092,1.899,1.758,2.098,1.74,1.986,1.902,1.932,2.092,2.113
16-Aug-04,1.945,1.92,1.92,1.941,1.809,1.91,1.766,2.039,2.055,1.895,1.766,2.072,1.75,1.971,1.898,1.953,2.051,2.082
23-Aug-04,1.947,1.924,1.93,1.939,1.826,1.909,1.779,2.038,2.051,1.908,1.779,2.067,1.76,1.966,1.908,1.957,2.053,2.057
30-Aug-04,1.949,1.908,1.916,1.923,1.804,1.854,1.767,2.085,2.1,1.892,1.767,2.051,1.745,1.946,1.892,1.908,2.118,2.129
6-Sep-04,1.924,1.888,1.895,1.904,1.784,1.811,1.744,2.06,2.073,1.88,1.744,2.034,1.726,1.924,1.878,1.868,2.082,2.105
13-Sep-04,1.915,1.874,1.879,1.891,1.773,1.849,1.728,2.041,2.053,1.861,1.728,2.022,1.709,1.912,1.861,1.886,2.054,2.087
20-Sep-04,1.922,1.865,1.873,1.877,1.782,1.909,1.736,2.046,2.057,1.856,1.736,2.007,1.713,1.895,1.856,1.92,2.06,2.085
27-Sep-04,1.963,1.901,1.916,1.903,1.847,1.951,1.805,2.085,2.094,1.9,1.805,2.013,1.783,1.915,1.9,1.979,2.091,2.109
4-Oct-04,2.012,1.929,1.947,1.929,1.88,1.953,1.818,2.185,2.198,1.926,1.818,2.041,1.799,1.945,1.927,1.972,2.209,2.224
11-Oct-04,2.086,1.973,1.981,1.978,1.922,2.018,1.856,2.306,2.327,1.958,1.856,2.101,1.833,1.991,1.961,2.034,2.349,2.371
18-Oct-04,2.142,2.025,2.038,2.032,1.956,2.057,1.898,2.378,2.402,2.018,1.898,2.15,1.893,2.052,2.021,2.083,2.441,2.434
25-Oct-04,2.14,2.034,2.044,2.041,1.963,2.038,1.896,2.37,2.394,2.016,1.896,2.159,1.883,2.058,2.019,2.059,2.432,2.425
1-Nov-04,2.133,2.034,2.043,2.043,1.955,2.047,1.903,2.346,2.369,2.018,1.903,2.158,1.891,2.057,2.017,2.091,2.402,2.4
8-Nov-04,2.107,2.017,2.028,2.03,1.917,1.979,1.887,2.32,2.341,2.007,1.887,2.143,1.876,2.041,2.007,2.04,2.36,2.385
15-Nov-04,2.077,1.996,2.011,2.01,1.879,1.92,1.854,2.29,2.311,1.993,1.854,2.123,1.842,2.019,1.99,1.983,2.33,2.361
22-Nov-04,2.046,1.972,1.984,1.988,1.853,1.908,1.829,2.244,2.263,1.967,1.829,2.101,1.813,1.993,1.964,1.954,2.284,2.32
29-Nov-04,2.031,1.96,1.971,1.975,1.844,1.914,1.817,2.217,2.236,1.956,1.817,2.089,1.802,1.983,1.956,1.975,2.244,2.296
6-Dec-04,2.002,1.941,1.947,1.962,1.808,1.888,1.796,2.174,2.192,1.934,1.796,2.083,1.776,1.971,1.936,1.929,2.214,2.241
13-Dec-04,1.948,1.902,1.902,1.931,1.742,1.785,1.754,2.118,2.135,1.891,1.754,2.055,1.748,1.942,1.894,1.829,2.18,2.164
20-Dec-04,1.894,1.872,1.873,1.903,1.704,1.748,1.691,2.033,2.049,1.858,1.691,2.03,1.677,1.927,1.861,1.808,2.072,2.071
27-Dec-04,1.869,1.857,1.849,1.89,1.697,1.719,1.676,1.996,2.01,1.839,1.676,2.028,1.667,1.911,1.842,1.768,2.025,2.015
3-Jan-05,1.848,1.833,1.82,1.868,1.681,1.737,1.637,1.968,1.982,1.817,1.637,2.004,1.631,1.88,1.818,1.779,1.992,1.965
10-Jan-05,1.838,1.82,1.803,1.848,1.722,1.818,1.657,1.92,1.932,1.793,1.657,1.979,1.643,1.864,1.793,1.844,1.963,1.92
17-Jan-05,1.854,1.831,1.819,1.846,1.786,1.859,1.717,1.919,1.932,1.802,1.717,1.953,1.69,1.851,1.8,1.864,1.981,1.894
24-Jan-05,1.882,1.852,1.85,1.861,1.811,1.873,1.781,1.948,1.959,1.827,1.781,1.959,1.768,1.865,1.829,1.886,1.997,1.92
31-Jan-05,1.941,1.907,1.924,1.907,1.864,1.935,1.819,2.019,2.034,1.898,1.819,2.01,1.8,1.922,1.898,1.94,2.08,1.95
7-Feb-05,1.949,1.914,1.93,1.915,1.864,1.925,1.811,2.039,2.053,1.905,1.811,2.015,1.791,1.919,1.906,1.936,2.103,1.959
14-Feb-05,1.949,1.897,1.918,1.897,1.836,1.888,1.795,2.076,2.091,1.892,1.795,1.99,1.769,1.897,1.895,1.9,2.138,2.03
21-Feb-05,1.961,1.882,1.902,1.884,1.817,1.877,1.779,2.134,2.15,1.883,1.779,1.982,1.751,1.884,1.887,1.907,2.197,2.107
28-Feb-05,1.978,1.88,1.896,1.883,1.815,1.944,1.78,2.16,2.176,1.871,1.78,1.975,1.752,1.881,1.874,1.959,2.216,2.139
7-Mar-05,2.041,1.936,1.966,1.928,1.899,2.037,1.876,2.211,2.229,1.944,1.876,2.01,1.839,1.926,1.953,2.078,2.28,2.184
14-Mar-05,2.094,1.986,1.994,1.983,1.978,2.085,1.933,2.267,2.287,1.965,1.933,2.065,1.91,1.973,1.97,2.121,2.329,2.25
21-Mar-05,2.138,2.031,2.034,2.028,2.041,2.159,1.989,2.295,2.312,2.005,1.989,2.117,1.972,2.02,2.009,2.193,2.353,2.306
28-Mar-05,2.186,2.078,2.081,2.072,2.098,2.162,2.05,2.357,2.376,2.044,2.05,2.158,2.038,2.067,2.051,2.197,2.397,2.389
4-Apr-05,2.26,2.143,2.144,2.137,2.169,2.252,2.089,2.445,2.464,2.107,2.089,2.211,2.082,2.133,2.116,2.278,2.475,2.495
11-Apr-05,2.34,2.2,2.2,2.198,2.21,2.3,2.148,2.571,2.592,2.172,2.148,2.303,2.125,2.196,2.173,2.334,2.602,2.634
18-Apr-05,2.319,2.181,2.182,2.184,2.161,2.221,2.131,2.565,2.584,2.152,2.131,2.299,2.11,2.176,2.153,2.27,2.594,2.657
25-Apr-05,2.319,2.197,2.213,2.198,2.146,2.227,2.118,2.55,2.565,2.187,2.118,2.307,2.087,2.204,2.193,2.278,2.579,2.649
2-May-05,2.326,2.214,2.23,2.22,2.142,2.237,2.114,2.546,2.56,2.202,2.114,2.351,2.083,2.234,2.2,2.264,2.57,2.629
9-May-05,2.29,2.195,2.209,2.203,2.112,2.159,2.093,2.502,2.516,2.185,2.093,2.352,2.062,2.222,2.183,2.205,2.515,2.598
16-May-05,2.262,2.175,2.187,2.187,2.075,2.152,2.059,2.46,2.473,2.169,2.059,2.341,2.025,2.201,2.168,2.204,2.476,2.564
23-May-05,2.226,2.15,2.158,2.166,2.04,2.097,2.021,2.421,2.434,2.138,2.021,2.328,1.983,2.18,2.138,2.137,2.439,2.506
30-May-05,2.192,2.124,2.125,2.143,2.014,2.053,1.994,2.378,2.391,2.101,1.994,2.309,1.964,2.162,2.101,2.106,2.414,2.433
6-Jun-05,2.195,2.132,2.133,2.144,2.057,2.107,2.024,2.348,2.36,2.109,2.024,2.286,1.974,2.155,2.11,2.127,2.377,2.389
13-Jun-05,2.196,2.151,2.161,2.156,2.097,2.127,2.028,2.322,2.333,2.135,2.028,2.289,2.005,2.163,2.135,2.147,2.335,2.357
20-Jun-05,2.232,2.187,2.21,2.187,2.122,2.18,2.096,2.341,2.352,2.187,2.096,2.31,2.038,2.201,2.187,2.192,2.369,2.365
27-Jun-05,2.278,2.225,2.242,2.229,2.155,2.263,2.096,2.398,2.412,2.217,2.096,2.345,2.069,2.242,2.215,2.297,2.419,2.449
4-Jul-05,2.304,2.249,2.273,2.252,2.167,2.261,2.112,2.44,2.457,2.252,2.112,2.36,2.094,2.262,2.251,2.325,2.457,2.519
11-Jul-05,2.402,2.36,2.399,2.357,2.271,2.395,2.218,2.509,2.525,2.39,2.218,2.493,2.188,2.383,2.388,2.424,2.523,2.575
18-Jul-05,2.411,2.38,2.403,2.385,2.288,2.348,2.232,2.523,2.538,2.386,2.232,2.486,2.2,2.396,2.383,2.386,2.558,2.598
25-Jul-05,2.403,2.38,2.391,2.395,2.27,2.289,2.216,2.526,2.541,2.371,2.216,2.537,2.192,2.417,2.368,2.365,2.546,2.578
1-Aug-05,2.402,2.372,2.385,2.386,2.255,2.306,2.192,2.534,2.549,2.372,2.192,2.518,2.159,2.404,2.369,2.359,2.575,2.583
8-Aug-05,2.461,2.403,2.411,2.414,2.32,2.415,2.32,2.586,2.601,2.397,2.32,2.53,2.262,2.422,2.394,2.464,2.622,2.639
15-Aug-05,2.613,2.565,2.564,2.568,2.551,2.625,2.499,2.699,2.716,2.551,2.499,2.621,2.458,2.56,2.551,2.686,2.736,2.762
22-Aug-05,2.674,2.626,2.611,2.634,2.626,2.718,2.592,2.736,2.75,2.607,2.592,2.678,2.565,2.615,2.606,2.786,2.766,2.786
29-Aug-05,2.672,2.621,2.609,2.633,2.588,2.676,2.568,2.759,2.77,2.604,2.568,2.686,2.532,2.609,2.606,2.78,2.772,2.808
5-Sep-05,3.137,3.26,3.21,3.294,3.213,3.078,3,3.061,3.056,3.219,3,3.339,2.976,3.276,3.207,3.074,3.004,3.039
12-Sep-05,3.045,3.157,3.112,3.203,3.039,2.931,2.885,3.007,3.004,3.121,2.885,3.278,2.862,3.188,3.108,2.967,2.975,3.032
19-Sep-05,2.904,2.957,2.929,2.998,2.811,2.753,2.726,2.952,2.954,2.945,2.726,3.065,2.728,2.997,2.93,2.808,2.934,2.994
26-Sep-05,2.878,2.897,2.868,2.918,2.867,2.747,2.742,2.943,2.947,2.878,2.742,2.952,2.708,2.91,2.866,2.786,2.933,2.982
3-Oct-05,2.941,2.925,2.87,2.929,3.054,2.937,2.924,2.966,2.973,2.883,2.924,2.94,2.868,2.883,2.88,2.912,2.974,3
10-Oct-05,2.889,2.852,2.793,2.866,2.947,2.823,2.88,2.956,2.964,2.794,2.88,2.9,2.853,2.827,2.793,2.832,2.961,3.021
17-Oct-05,2.794,2.741,2.684,2.773,2.723,2.703,2.764,2.894,2.902,2.685,2.764,2.85,2.787,2.755,2.672,2.739,2.895,2.95
24-Oct-05,2.683,2.616,2.574,2.656,2.516,2.566,2.62,2.819,2.827,2.558,2.62,2.8,2.68,2.663,2.555,2.627,2.83,2.861
31-Oct-05,2.567,2.482,2.446,2.525,2.353,2.457,2.44,2.739,2.747,2.445,2.44,2.683,2.499,2.55,2.441,2.54,2.771,2.738
7-Nov-05,2.461,2.367,2.338,2.403,2.258,2.346,2.314,2.65,2.659,2.337,2.314,2.554,2.368,2.419,2.327,2.435,2.703,2.632
14-Nov-05,2.375,2.274,2.228,2.315,2.18,2.263,2.225,2.574,2.582,2.218,2.225,2.474,2.274,2.335,2.212,2.335,2.638,2.55
21-Nov-05,2.27,2.189,2.138,2.231,2.103,2.157,2.117,2.447,2.453,2.11,2.117,2.4,2.138,2.251,2.104,2.239,2.483,2.43
28-Nov-05,2.218,2.137,2.088,2.176,2.066,2.098,2.052,2.402,2.412,2.049,2.052,2.342,2.052,2.196,2.05,2.181,2.437,2.369
5-Dec-05,2.19,2.118,2.097,2.143,2.039,2.166,2.033,2.327,2.335,2.055,2.033,2.307,2.01,2.161,2.058,2.229,2.36,2.271
12-Dec-05,2.204,2.173,2.157,2.188,2.135,2.202,2.114,2.268,2.277,2.128,2.114,2.343,2.104,2.208,2.123,2.24,2.31,2.21
19-Dec-05,2.224,2.218,2.217,2.225,2.187,2.255,2.154,2.24,2.249,2.188,2.154,2.364,2.131,2.24,2.185,2.294,2.279,2.171
26-Dec-05,2.216,2.224,2.212,2.237,2.184,2.238,2.135,2.224,2.233,2.181,2.135,2.401,2.111,2.251,2.179,2.304,2.257,2.161
2-Jan-06,2.242,2.269,2.262,2.279,2.23,2.293,2.194,2.207,2.213,2.231,2.194,2.446,2.162,2.302,2.227,2.321,2.213,2.167
9-Jan-06,2.341,2.364,2.367,2.374,2.302,2.374,2.286,2.319,2.328,2.334,2.286,2.545,2.261,2.403,2.332,2.401,2.321,2.285
16-Jan-06,2.368,2.379,2.386,2.388,2.316,2.308,2.275,2.403,2.417,2.351,2.275,2.583,2.267,2.421,2.351,2.359,2.439,2.392
23-Jan-06,2.382,2.409,2.405,2.426,2.327,2.309,2.273,2.412,2.424,2.369,2.273,2.608,2.266,2.45,2.371,2.351,2.435,2.395
30-Jan-06,2.409,2.403,2.397,2.421,2.326,2.295,2.27,2.498,2.513,2.369,2.27,2.614,2.264,2.443,2.368,2.33,2.536,2.514
6-Feb-06,2.41,2.38,2.372,2.396,2.314,2.3,2.257,2.529,2.544,2.34,2.257,2.586,2.252,2.414,2.341,2.333,2.57,2.544
13-Feb-06,2.364,2.327,2.317,2.344,2.263,2.212,2.21,2.507,2.522,2.288,2.21,2.54,2.198,2.359,2.288,2.272,2.55,2.509
20-Feb-06,2.312,2.26,2.247,2.278,2.2,2.195,2.151,2.459,2.473,2.216,2.151,2.455,2.149,2.282,2.216,2.243,2.507,2.438
27-Feb-06,2.293,2.235,2.208,2.261,2.174,2.246,2.12,2.427,2.439,2.174,2.12,2.426,2.105,2.266,2.171,2.267,2.456,2.388
6-Mar-06,2.353,2.274,2.263,2.286,2.237,2.425,2.195,2.465,2.48,2.212,2.195,2.432,2.14,2.296,2.209,2.458,2.512,2.443
13-Mar-06,2.389,2.302,2.293,2.304,2.313,2.394,2.294,2.514,2.532,2.248,2.294,2.436,2.269,2.312,2.241,2.452,2.579,2.517
20-Mar-06,2.523,2.456,2.448,2.452,2.5,2.52,2.481,2.612,2.635,2.398,2.481,2.578,2.454,2.459,2.394,2.553,2.662,2.611
27-Mar-06,2.537,2.471,2.459,2.471,2.497,2.492,2.472,2.646,2.669,2.412,2.472,2.611,2.449,2.475,2.409,2.538,2.716,2.645
3-Apr-06,2.63,2.558,2.566,2.551,2.572,2.632,2.602,2.719,2.743,2.517,2.602,2.696,2.571,2.573,2.513,2.666,2.776,2.758
10-Apr-06,2.724,2.661,2.648,2.657,2.721,2.716,2.742,2.793,2.811,2.604,2.742,2.81,2.703,2.675,2.601,2.747,2.831,2.805
17-Apr-06,2.824,2.774,2.748,2.773,2.85,2.815,2.826,2.884,2.896,2.704,2.826,2.922,2.785,2.792,2.701,2.85,2.921,2.899
24-Apr-06,2.984,2.951,2.921,2.959,2.992,2.933,2.926,3.056,3.068,2.881,2.926,3.089,2.885,2.981,2.879,2.966,3.081,3.1
1-May-06,3.03,2.968,2.932,2.983,2.992,2.884,2.925,3.184,3.202,2.9,2.925,3.126,2.889,2.991,2.896,2.942,3.262,3.226
8-May-06,3.067,2.962,2.928,2.981,2.954,2.845,2.91,3.31,3.332,2.889,2.91,3.131,2.887,2.997,2.887,2.913,3.428,3.334
15-May-06,3.107,3.032,3.033,3.039,2.996,2.939,2.92,3.307,3.33,3,2.92,3.178,2.895,3.067,2.996,2.986,3.404,3.332
22-May-06,3.082,3.007,2.995,3.025,2.94,2.855,2.9,3.302,3.323,2.98,2.9,3.174,2.884,3.045,2.973,2.933,3.385,3.321
29-May-06,3.042,2.976,2.966,2.997,2.884,2.855,2.836,3.245,3.266,2.93,2.836,3.166,2.836,3.026,2.929,2.927,3.344,3.289
5-Jun-06,3.062,2.997,3.007,3.004,2.926,2.913,2.873,3.247,3.269,2.974,2.873,3.146,2.869,3.031,2.975,2.963,3.321,3.251
12-Jun-06,3.06,3.021,3.027,3.028,2.967,2.94,2.885,3.2,3.225,2.993,2.885,3.164,2.881,3.052,2.991,2.983,3.27,3.217
19-Jun-06,3.034,2.998,3.011,3.006,2.916,2.912,2.853,3.172,3.198,2.978,2.853,3.141,2.865,3.025,2.979,3.003,3.22,3.178
26-Jun-06,3.02,2.985,2.992,2.997,2.9,2.97,2.828,3.136,3.163,2.952,2.828,3.132,2.83,3.015,2.955,3.055,3.187,3.122
3-Jul-06,3.063,3.03,3.007,3.055,2.963,3.054,2.878,3.159,3.189,2.971,2.878,3.193,2.876,3.077,2.961,3.124,3.217,3.16
10-Jul-06,3.106,3.073,3.064,3.091,3.001,3.128,2.916,3.193,3.224,3.018,2.916,3.228,2.9,3.118,3.014,3.198,3.283,3.206
17-Jul-06,3.116,3.079,3.072,3.097,3.002,3.143,2.903,3.213,3.24,3.018,2.903,3.226,2.895,3.125,3.012,3.209,3.287,3.198
24-Jul-06,3.112,3.088,3.086,3.102,3.019,3.138,2.902,3.195,3.22,3.031,2.902,3.236,2.903,3.125,3.026,3.196,3.265,3.173
31-Jul-06,3.107,3.09,3.098,3.102,3.002,3.15,2.903,3.173,3.198,3.04,2.903,3.24,2.896,3.127,3.036,3.231,3.235,3.15
7-Aug-06,3.109,3.091,3.097,3.102,3.016,3.182,2.911,3.165,3.192,3.042,2.911,3.237,2.91,3.117,3.036,3.237,3.232,3.133
14-Aug-06,3.089,3.063,3.075,3.077,2.956,3.1,2.87,3.18,3.211,3.019,2.87,3.225,2.872,3.093,3.017,3.21,3.248,3.162
21-Aug-06,3.021,2.99,3.012,3.003,2.85,3.006,2.797,3.131,3.162,2.96,2.797,3.148,2.812,3.013,2.962,3.152,3.197,3.122
28-Aug-06,2.94,2.901,2.934,2.913,2.742,2.928,2.695,3.063,3.098,2.885,2.695,3.054,2.712,2.93,2.887,3.079,3.132,3.048
4-Sep-06,2.828,2.788,2.817,2.804,2.618,2.765,2.563,2.974,3.01,2.761,2.563,2.935,2.581,2.822,2.76,2.937,3.027,2.985
11-Sep-06,2.734,2.688,2.723,2.706,2.491,2.642,2.43,2.912,2.949,2.677,2.43,2.817,2.438,2.723,2.668,2.825,2.97,2.9
18-Sep-06,2.616,2.565,2.592,2.592,2.343,2.503,2.306,2.808,2.848,2.548,2.306,2.702,2.288,2.607,2.527,2.693,2.863,2.822
25-Sep-06,2.499,2.423,2.467,2.439,2.21,2.38,2.187,2.721,2.76,2.426,2.187,2.546,2.173,2.454,2.403,2.552,2.775,2.728
2-Oct-06,2.409,2.322,2.36,2.334,2.152,2.278,2.112,2.644,2.683,2.301,2.112,2.446,2.098,2.354,2.287,2.433,2.693,2.669
9-Oct-06,2.345,2.251,2.279,2.261,2.114,2.247,2.085,2.564,2.601,2.222,2.085,2.38,2.073,2.274,2.212,2.33,2.595,2.587
16-Oct-06,2.291,2.204,2.233,2.212,2.079,2.179,2.044,2.504,2.54,2.182,2.044,2.321,2.034,2.219,2.169,2.26,2.534,2.514
23-Oct-06,2.254,2.169,2.201,2.17,2.072,2.17,2.02,2.45,2.481,2.156,2.02,2.285,2.003,2.173,2.146,2.228,2.467,2.449
30-Oct-06,2.247,2.17,2.197,2.171,2.088,2.223,2.033,2.406,2.434,2.155,2.033,2.294,2.016,2.177,2.148,2.269,2.421,2.407
6-Nov-06,2.222,2.152,2.181,2.151,2.078,2.199,2.021,2.371,2.396,2.139,2.021,2.279,2,2.158,2.134,2.276,2.378,2.382
13-Nov-06,2.266,2.176,2.2,2.176,2.113,2.253,2.052,2.437,2.464,2.155,2.052,2.304,2.025,2.185,2.152,2.311,2.461,2.469
20-Nov-06,2.283,2.193,2.214,2.195,2.123,2.227,2.072,2.467,2.495,2.172,2.072,2.328,2.05,2.208,2.168,2.274,2.498,2.49
27-Nov-06,2.298,2.217,2.24,2.222,2.13,2.256,2.09,2.467,2.493,2.204,2.09,2.35,2.061,2.236,2.199,2.297,2.5,2.492
4-Dec-06,2.338,2.281,2.303,2.284,2.202,2.295,2.152,2.474,2.496,2.265,2.152,2.411,2.122,2.298,2.259,2.332,2.491,2.496
11-Dec-06,2.348,2.297,2.308,2.304,2.222,2.277,2.174,2.483,2.504,2.269,2.174,2.44,2.153,2.317,2.264,2.315,2.497,2.494
18-Dec-06,2.382,2.327,2.349,2.332,2.238,2.296,2.17,2.54,2.561,2.303,2.17,2.474,2.152,2.344,2.305,2.33,2.549,2.577
25-Dec-06,2.421,2.367,2.392,2.374,2.257,2.326,2.197,2.584,2.607,2.344,2.197,2.52,2.177,2.395,2.338,2.371,2.586,2.66
1-Jan-07,2.414,2.361,2.385,2.371,2.243,2.288,2.182,2.587,2.61,2.336,2.182,2.521,2.167,2.387,2.33,2.344,2.587,2.658
8-Jan-07,2.406,2.339,2.365,2.348,2.215,2.268,2.155,2.606,2.632,2.323,2.155,2.508,2.152,2.362,2.316,2.308,2.62,2.695
15-Jan-07,2.348,2.291,2.313,2.304,2.152,2.151,2.091,2.559,2.583,2.266,2.091,2.487,2.085,2.319,2.258,2.226,2.556,2.67
22-Jan-07,2.287,2.23,2.248,2.248,2.08,2.05,2.027,2.513,2.538,2.2,2.027,2.438,2.027,2.26,2.192,2.132,2.506,2.637
29-Jan-07,2.261,2.186,2.214,2.199,2.042,2.144,1.993,2.467,2.491,2.171,1.993,2.393,1.982,2.216,2.163,2.161,2.438,2.61
5-Feb-07,2.275,2.166,2.186,2.173,2.072,2.195,2.007,2.507,2.535,2.139,2.007,2.358,1.988,2.185,2.13,2.256,2.499,2.662
12-Feb-07,2.332,2.193,2.205,2.201,2.114,2.25,2.071,2.596,2.632,2.16,2.071,2.367,2.059,2.211,2.15,2.282,2.589,2.739
19-Feb-07,2.39,2.239,2.25,2.247,2.166,2.319,2.116,2.668,2.71,2.207,2.116,2.404,2.099,2.26,2.196,2.36,2.672,2.807
26-Feb-07,2.477,2.332,2.352,2.334,2.265,2.405,2.196,2.752,2.796,2.312,2.196,2.489,2.181,2.356,2.303,2.462,2.755,2.917
5-Mar-07,2.599,2.475,2.5,2.477,2.391,2.493,2.342,2.854,2.897,2.446,2.342,2.655,2.351,2.51,2.44,2.529,2.855,2.998
12-Mar-07,2.686,2.532,2.554,2.541,2.418,2.483,2.382,3.025,3.068,2.496,2.382,2.711,2.366,2.576,2.494,2.502,3.058,3.184
19-Mar-07,2.716,2.558,2.577,2.569,2.444,2.484,2.386,3.077,3.121,2.518,2.386,2.765,2.37,2.611,2.511,2.517,3.111,3.225
26-Mar-07,2.755,2.598,2.605,2.613,2.497,2.523,2.428,3.114,3.152,2.547,2.428,2.813,2.425,2.652,2.54,2.575,3.139,3.233
2-Apr-07,2.855,2.702,2.695,2.716,2.638,2.643,2.571,3.188,3.228,2.638,2.571,2.94,2.557,2.759,2.631,2.687,3.221,3.32
9-Apr-07,2.92,2.754,2.744,2.762,2.738,2.818,2.674,3.217,3.252,2.689,2.674,2.974,2.654,2.794,2.683,2.86,3.232,3.33
16-Apr-07,2.988,2.822,2.811,2.825,2.837,2.912,2.761,3.271,3.305,2.745,2.761,3.025,2.729,2.848,2.739,2.974,3.283,3.381
23-Apr-07,2.988,2.832,2.821,2.835,2.844,2.843,2.763,3.284,3.316,2.757,2.763,3.028,2.747,2.855,2.754,2.933,3.291,3.396
30-Apr-07,3.073,2.921,2.933,2.915,2.92,3.035,2.84,3.328,3.359,2.865,2.84,3.095,2.822,2.945,2.863,3.093,3.348,3.462
7-May-07,3.162,2.982,3,2.986,2.916,3.246,2.861,3.425,3.461,2.938,2.861,3.177,2.85,3.026,2.933,3.319,3.458,3.541
14-May-07,3.173,3.011,3.034,3.012,2.944,3.267,2.863,3.415,3.45,2.967,2.863,3.192,2.845,3.048,2.96,3.367,3.438,3.532
21-May-07,3.233,3.083,3.092,3.08,3.079,3.415,3.011,3.404,3.436,3.024,3.011,3.242,2.984,3.104,3.018,3.532,3.423,3.508
28-May-07,3.238,3.106,3.116,3.109,3.061,3.454,3.024,3.375,3.407,3.043,3.024,3.27,3.003,3.136,3.035,3.621,3.381,3.506
4-Jun-07,3.208,3.093,3.107,3.098,3.024,3.386,2.979,3.345,3.374,3.03,2.979,3.269,2.973,3.127,3.023,3.565,3.341,3.49
11-Jun-07,3.151,3.054,3.08,3.059,2.96,3.257,2.93,3.29,3.32,3.006,2.93,3.234,2.913,3.095,2.995,3.459,3.305,3.423
18-Jun-07,3.083,3.005,3.025,3.016,2.893,3.148,2.874,3.21,3.236,2.954,2.874,3.213,2.858,3.058,2.942,3.338,3.195,3.357
25-Jun-07,3.046,2.977,3,2.984,2.873,3.11,2.832,3.167,3.192,2.928,2.832,3.185,2.811,3.027,2.917,3.238,3.153,3.309
2-Jul-07,3.012,2.957,2.988,2.962,2.842,3.041,2.794,3.13,3.157,2.909,2.794,3.163,2.775,3.007,2.9,3.161,3.116,3.267
9-Jul-07,3.004,2.954,2.985,2.954,2.863,3.073,2.777,3.106,3.136,2.904,2.777,3.155,2.759,3,2.899,3.149,3.093,3.241
16-Jul-07,3.055,2.977,3,2.976,2.918,3.269,2.862,3.126,3.158,2.913,2.862,3.155,2.844,3.013,2.907,3.384,3.121,3.271
23-Jul-07,3.001,2.943,2.966,2.945,2.867,3.098,2.823,3.086,3.118,2.876,2.823,3.137,2.805,2.987,2.874,3.26,3.076,3.234
30-Jul-07,2.934,2.89,2.93,2.887,2.792,2.968,2.751,3.026,3.06,2.86,2.751,3.073,2.738,2.929,2.856,3.137,3.008,3.179
6-Aug-07,2.885,2.839,2.885,2.833,2.736,2.922,2.703,2.98,3.016,2.817,2.703,3.025,2.698,2.878,2.811,3.064,2.965,3.139
13-Aug-07,2.813,2.776,2.821,2.771,2.674,2.852,2.63,2.896,2.928,2.753,2.63,2.971,2.602,2.814,2.746,2.993,2.889,3.054
20-Aug-07,2.791,2.743,2.775,2.741,2.667,2.971,2.618,2.833,2.862,2.711,2.618,2.939,2.601,2.777,2.704,3.075,2.818,2.964
27-Aug-07,2.734,2.687,2.715,2.685,2.621,2.919,2.588,2.765,2.791,2.647,2.588,2.872,2.567,2.718,2.647,3.031,2.741,2.893
3-Sep-07,2.749,2.683,2.713,2.681,2.615,3.061,2.574,2.766,2.791,2.644,2.574,2.85,2.544,2.707,2.642,3.202,2.752,2.876
10-Sep-07,2.773,2.687,2.706,2.684,2.657,3.067,2.611,2.814,2.839,2.637,2.611,2.843,2.586,2.703,2.633,3.21,2.819,2.92
17-Sep-07,2.776,2.683,2.702,2.679,2.65,2.952,2.596,2.874,2.904,2.63,2.596,2.838,2.561,2.697,2.628,3.115,2.895,2.957
24-Sep-07,2.804,2.702,2.718,2.697,2.686,2.932,2.622,2.93,2.961,2.641,2.622,2.85,2.591,2.713,2.638,3.054,2.953,3.013
1-Oct-07,2.796,2.701,2.718,2.697,2.67,2.837,2.626,2.941,2.973,2.652,2.626,2.856,2.604,2.718,2.648,2.969,2.961,3.018
8-Oct-07,2.789,2.681,2.707,2.676,2.634,2.804,2.595,2.964,2.996,2.64,2.595,2.832,2.563,2.694,2.636,2.902,2.987,3.041
15-Oct-07,2.796,2.675,2.701,2.671,2.625,2.752,2.572,3.016,3.053,2.632,2.572,2.825,2.545,2.689,2.629,2.842,3.024,3.113
22-Oct-07,2.859,2.725,2.75,2.722,2.675,2.783,2.638,3.102,3.143,2.683,2.638,2.852,2.585,2.741,2.678,2.857,3.131,3.195
29-Oct-07,2.9,2.78,2.812,2.774,2.723,2.868,2.66,3.118,3.159,2.754,2.66,2.922,2.618,2.797,2.745,2.91,3.124,3.244
5-Nov-07,3.025,2.916,2.949,2.902,2.894,3.062,2.83,3.194,3.231,2.887,2.83,3.022,2.779,2.925,2.882,3.13,3.182,3.327
12-Nov-07,3.13,3.023,3.045,3.016,3.003,3.1,2.907,3.329,3.366,2.984,2.907,3.153,2.863,3.039,2.976,3.179,3.324,3.47
19-Nov-07,3.144,3.046,3.06,3.048,2.997,3.054,2.909,3.359,3.395,2.994,2.909,3.205,2.878,3.075,2.988,3.139,3.363,3.506
26-Nov-07,3.149,3.06,3.087,3.057,3.004,3.037,2.916,3.36,3.398,3.024,2.916,3.22,2.898,3.089,3.017,3.123,3.37,3.496
3-Dec-07,3.128,3.057,3.086,3.058,2.967,3.009,2.884,3.325,3.361,3.022,2.884,3.235,2.868,3.094,3.016,3.089,3.32,3.474
10-Dec-07,3.091,3.034,3.077,3.034,2.909,2.924,2.824,3.295,3.329,3.018,2.824,3.231,2.822,3.08,3.012,3.028,3.292,3.436
17-Dec-07,3.075,3.019,3.064,3.019,2.891,2.984,2.805,3.251,3.285,3,2.805,3.215,2.792,3.059,3,3.052,3.232,3.389
24-Dec-07,3.059,3.012,3.062,3.012,2.872,2.956,2.798,3.227,3.261,3.001,2.798,3.198,2.778,3.053,2.999,3.032,3.204,3.364
31-Dec-07,3.106,3.045,3.078,3.046,2.945,3.061,2.867,3.264,3.298,3.01,2.867,3.211,2.847,3.08,3.008,3.137,3.271,3.391
7-Jan-08,3.154,3.088,3.117,3.087,3.014,3.149,2.94,3.294,3.328,3.049,2.94,3.239,2.92,3.121,3.043,3.227,3.316,3.427
14-Jan-08,3.123,3.08,3.108,3.083,2.986,3.046,2.927,3.259,3.29,3.043,2.927,3.259,2.914,3.12,3.042,3.162,3.271,3.395
21-Jan-08,3.072,3.041,3.074,3.046,2.92,2.982,2.884,3.197,3.226,3.021,2.884,3.229,2.868,3.083,3.017,3.091,3.204,3.326
28-Jan-08,3.026,3.007,3.05,3.009,2.874,2.97,2.853,3.12,3.148,2.991,2.853,3.187,2.853,3.045,2.988,3.056,3.112,3.253
4-Feb-08,3.002,2.985,3.024,2.985,2.876,2.983,2.839,3.078,3.107,2.965,2.839,3.165,2.836,3.02,2.962,3.071,3.06,3.223
11-Feb-08,2.986,2.958,2.998,2.958,2.847,2.953,2.817,3.079,3.108,2.935,2.817,3.14,2.809,2.993,2.932,3.051,3.08,3.192
18-Feb-08,3.056,3.001,3.018,3,2.959,3.078,2.902,3.158,3.191,2.947,2.902,3.161,2.867,3.029,2.94,3.17,3.161,3.298
25-Feb-08,3.159,3.095,3.114,3.086,3.093,3.112,3.017,3.291,3.328,3.051,3.017,3.22,3.022,3.109,3.042,3.167,3.274,3.436
3-Mar-08,3.216,3.115,3.127,3.109,3.117,3.098,3.051,3.421,3.459,3.058,3.051,3.24,3.04,3.128,3.051,3.155,3.43,3.531
10-Mar-08,3.277,3.143,3.149,3.136,3.161,3.22,3.113,3.497,3.537,3.082,3.113,3.264,3.098,3.15,3.077,3.272,3.524,3.607
17-Mar-08,3.34,3.192,3.185,3.191,3.218,3.31,3.174,3.567,3.604,3.116,3.174,3.327,3.162,3.209,3.113,3.378,3.593,3.663
24-Mar-08,3.333,3.191,3.178,3.194,3.213,3.27,3.166,3.565,3.602,3.104,3.166,3.355,3.151,3.218,3.102,3.366,3.597,3.655
31-Mar-08,3.355,3.201,3.187,3.201,3.24,3.353,3.211,3.571,3.608,3.112,3.211,3.364,3.188,3.215,3.109,3.444,3.602,3.645
7-Apr-08,3.403,3.22,3.21,3.214,3.284,3.421,3.265,3.643,3.685,3.136,3.265,3.363,3.247,3.221,3.13,3.486,3.682,3.723
14-Apr-08,3.469,3.274,3.267,3.271,3.312,3.502,3.294,3.729,3.774,3.189,3.294,3.409,3.275,3.285,3.18,3.566,3.767,3.818
21-Apr-08,3.595,3.454,3.486,3.439,3.447,3.613,3.412,3.801,3.846,3.417,3.412,3.55,3.389,3.467,3.404,3.692,3.841,3.863
28-Apr-08,3.681,3.581,3.6,3.581,3.529,3.695,3.495,3.845,3.892,3.527,3.495,3.741,3.47,3.619,3.517,3.753,3.883,3.915
5-May-08,3.699,3.609,3.628,3.614,3.532,3.71,3.498,3.857,3.903,3.548,3.498,3.8,3.471,3.655,3.543,3.785,3.892,3.93
12-May-08,3.781,3.716,3.753,3.708,3.657,3.862,3.607,3.878,3.919,3.676,3.607,3.874,3.574,3.746,3.668,3.944,3.898,3.947
19-May-08,3.851,3.812,3.848,3.808,3.73,3.926,3.684,3.919,3.952,3.772,3.684,4.019,3.651,3.863,3.762,4.019,3.916,3.979
26-May-08,3.989,3.941,3.983,3.93,3.883,4.064,3.815,4.068,4.099,3.901,3.815,4.105,3.788,3.983,3.893,4.172,4.055,4.103
2-Jun-08,4.066,3.994,4.04,3.986,3.906,4.079,3.836,4.213,4.242,3.953,3.836,4.179,3.802,4.046,3.944,4.176,4.209,4.241
9-Jun-08,4.165,4.052,4.091,4.05,3.949,4.085,3.901,4.402,4.433,4.001,3.901,4.212,3.879,4.107,3.991,4.171,4.418,4.415
16-Jun-08,4.24,4.095,4.134,4.093,3.997,4.094,3.938,4.546,4.588,4.044,3.938,4.278,3.9,4.154,4.036,4.181,4.611,4.555
23-Jun-08,4.241,4.094,4.126,4.097,3.987,4.136,3.914,4.543,4.585,4.04,3.914,4.297,3.88,4.16,4.034,4.216,4.608,4.562
30-Jun-08,4.238,4.095,4.124,4.098,3.99,4.149,3.905,4.532,4.573,4.047,3.905,4.307,3.878,4.167,4.041,4.201,4.587,4.556
7-Jul-08,4.247,4.113,4.151,4.11,4.019,4.212,3.927,4.509,4.55,4.066,3.927,4.311,3.904,4.179,4.058,4.303,4.566,4.552
14-Jul-08,4.235,4.107,4.143,4.103,4.024,4.208,3.935,4.479,4.52,4.061,3.935,4.312,3.905,4.172,4.055,4.3,4.541,4.514
21-Jul-08,4.19,4.077,4.121,4.073,3.977,4.113,3.935,4.421,4.46,4.049,3.935,4.303,3.915,4.139,4.048,4.225,4.482,4.457
28-Jul-08,4.077,3.991,4.009,4.004,3.868,3.961,3.846,4.285,4.317,3.937,3.846,4.206,3.829,4.056,3.933,4.084,4.339,4.355
4-Aug-08,3.988,3.912,3.935,3.926,3.776,3.915,3.736,4.174,4.205,3.856,3.736,4.15,3.727,3.986,3.859,4.022,4.221,4.261
11-Aug-08,3.903,3.817,3.838,3.83,3.689,3.871,3.65,4.086,4.118,3.767,3.65,4.057,3.633,3.89,3.781,4.004,4.109,4.182
18-Aug-08,3.813,3.699,3.72,3.709,3.583,3.872,3.535,4.004,4.037,3.648,3.535,3.888,3.528,3.759,3.66,4.031,4.03,4.109
25-Aug-08,3.736,3.621,3.642,3.634,3.498,3.832,3.432,3.923,3.955,3.575,3.432,3.815,3.425,3.675,3.587,4.021,3.951,4.026
1-Sep-08,3.707,3.596,3.626,3.594,3.525,3.804,3.455,3.874,3.905,3.549,3.455,3.769,3.441,3.637,3.56,3.946,3.882,3.969
8-Sep-08,3.67,3.561,3.596,3.551,3.516,3.774,3.434,3.827,3.859,3.51,3.434,3.746,3.432,3.588,3.521,3.908,3.828,3.92
15-Sep-08,3.766,3.65,3.64,3.635,3.76,4.179,3.687,3.774,3.804,3.567,3.687,3.74,3.692,3.644,3.575,4.298,3.761,3.887
22-Sep-08,3.687,3.613,3.592,3.606,3.708,3.94,3.631,3.698,3.725,3.53,3.631,3.763,3.6,3.629,3.537,4.054,3.688,3.838
29-Sep-08,3.607,3.527,3.515,3.519,3.607,3.787,3.567,3.644,3.67,3.455,3.567,3.689,3.515,3.533,3.466,3.914,3.632,3.772
6-Oct-08,3.482,3.386,3.37,3.385,3.436,3.598,3.41,3.571,3.601,3.305,3.41,3.59,3.349,3.398,3.323,3.752,3.559,3.718
13-Oct-08,3.239,3.117,3.077,3.152,3.038,3.255,3.007,3.441,3.47,3.046,3.007,3.384,3.028,3.163,3.058,3.464,3.437,3.6
20-Oct-08,3.04,2.877,2.841,2.917,2.763,3.011,2.741,3.323,3.355,2.821,2.741,3.16,2.759,2.939,2.841,3.201,3.343,3.487
27-Oct-08,2.797,2.651,2.605,2.706,2.48,2.732,2.412,3.101,3.13,2.579,2.412,2.937,2.405,2.73,2.599,2.908,3.201,3.272
3-Nov-08,2.525,2.446,2.408,2.503,2.243,2.437,2.144,2.762,2.783,2.368,2.144,2.744,2.106,2.536,2.393,2.628,2.852,2.889
10-Nov-08,2.337,2.279,2.245,2.332,2.092,2.233,1.996,2.541,2.555,2.211,1.996,2.588,1.984,2.373,2.222,2.406,2.631,2.524
17-Nov-08,2.166,2.111,2.084,2.15,1.977,2.058,1.855,2.361,2.374,2.04,1.855,2.428,1.838,2.198,2.037,2.198,2.42,2.364
24-Nov-08,1.964,1.955,1.921,2,1.808,1.815,1.725,2.099,2.112,1.889,1.725,2.278,1.699,2.039,1.887,1.932,2.19,2.159
1-Dec-08,1.854,1.863,1.844,1.897,1.735,1.726,1.67,1.946,1.955,1.801,1.67,2.163,1.638,1.941,1.797,1.777,1.981,1.968
8-Dec-08,1.738,1.766,1.744,1.801,1.637,1.605,1.604,1.795,1.805,1.708,1.604,2.061,1.574,1.841,1.705,1.652,1.824,1.835
15-Dec-08,1.682,1.692,1.685,1.718,1.575,1.695,1.499,1.721,1.738,1.649,1.499,1.94,1.457,1.755,1.649,1.725,1.719,1.758
22-Dec-08,1.692,1.666,1.674,1.678,1.58,1.68,1.509,1.78,1.806,1.633,1.509,1.889,1.48,1.706,1.632,1.732,1.772,1.819
29-Dec-08,1.662,1.623,1.638,1.633,1.532,1.612,1.466,1.782,1.81,1.601,1.466,1.82,1.437,1.649,1.601,1.687,1.785,1.849
5-Jan-09,1.711,1.628,1.659,1.626,1.554,1.793,1.494,1.84,1.874,1.622,1.494,1.784,1.467,1.637,1.622,1.866,1.838,1.913
12-Jan-09,1.808,1.715,1.735,1.717,1.649,1.864,1.587,1.96,1.988,1.691,1.587,1.864,1.591,1.728,1.688,1.966,1.962,2.007
19-Jan-09,1.878,1.772,1.785,1.77,1.743,1.927,1.683,2.04,2.064,1.749,1.683,1.905,1.671,1.775,1.743,2.011,2.038,2.056
26-Jan-09,1.892,1.789,1.803,1.789,1.751,1.873,1.698,2.072,2.095,1.767,1.698,1.916,1.682,1.793,1.763,1.949,2.073,2.067
2-Feb-09,1.936,1.848,1.861,1.849,1.804,1.914,1.774,2.093,2.113,1.827,1.774,1.988,1.749,1.859,1.821,1.922,2.087,2.098
9-Feb-09,1.986,1.889,1.894,1.893,1.853,1.884,1.792,2.191,2.215,1.858,1.792,2.035,1.775,1.91,1.85,1.918,2.193,2.195
16-Feb-09,2.034,1.919,1.923,1.925,1.875,1.956,1.795,2.264,2.291,1.887,1.795,2.081,1.772,1.945,1.878,1.997,2.267,2.276
23-Feb-09,1.995,1.893,1.894,1.906,1.825,1.846,1.748,2.236,2.261,1.855,1.748,2.064,1.731,1.93,1.851,1.916,2.253,2.246
2-Mar-09,1.984,1.89,1.911,1.89,1.827,1.93,1.78,2.17,2.189,1.878,1.78,2.033,1.76,1.909,1.873,1.96,2.146,2.177
9-Mar-09,1.99,1.889,1.899,1.893,1.835,1.982,1.768,2.175,2.196,1.859,1.768,2.049,1.752,1.912,1.855,2.032,2.198,2.184
16-Mar-09,1.962,1.886,1.901,1.887,1.832,1.869,1.771,2.139,2.162,1.858,1.771,2.048,1.746,1.907,1.86,1.94,2.172,2.14
23-Mar-09,2.001,1.921,1.929,1.919,1.905,2.007,1.869,2.128,2.154,1.885,1.869,2.056,1.846,1.93,1.878,2.057,2.145,2.128
30-Mar-09,2.08,1.989,2.001,1.988,1.963,2.09,1.966,2.213,2.248,1.954,1.966,2.123,1.948,1.994,1.95,2.14,2.256,2.218
6-Apr-09,2.092,1.986,1.999,1.983,1.97,2.049,1.96,2.265,2.308,1.951,1.96,2.131,1.935,1.995,1.952,2.1,2.315,2.298
13-Apr-09,2.107,1.992,2.004,1.988,1.974,2.078,1.963,2.291,2.336,1.959,1.963,2.144,1.927,2.003,1.957,2.144,2.346,2.306
20-Apr-09,2.118,2.016,2.045,2.008,1.971,2.084,1.962,2.293,2.34,2,1.962,2.153,1.941,2.028,1.996,2.14,2.336,2.321
27-Apr-09,2.118,2.022,2.049,2.018,1.966,2.088,1.938,2.292,2.34,2.006,1.938,2.187,1.931,2.049,2.001,2.187,2.335,2.336
4-May-09,2.147,2.052,2.082,2.05,1.978,2.171,1.945,2.306,2.355,2.04,1.945,2.207,1.933,2.081,2.031,2.256,2.343,2.345
11-May-09,2.285,2.207,2.246,2.198,2.147,2.412,2.117,2.379,2.424,2.203,2.117,2.323,2.112,2.225,2.195,2.518,2.428,2.414
18-May-09,2.368,2.284,2.302,2.283,2.241,2.466,2.192,2.481,2.524,2.253,2.192,2.443,2.181,2.314,2.249,2.569,2.519,2.524
25-May-09,2.477,2.394,2.414,2.393,2.344,2.555,2.282,2.603,2.637,2.352,2.282,2.555,2.272,2.424,2.358,2.644,2.64,2.647
1-Jun-09,2.57,2.465,2.502,2.457,2.407,2.665,2.352,2.72,2.756,2.459,2.352,2.607,2.319,2.494,2.463,2.746,2.743,2.773
8-Jun-09,2.676,2.541,2.568,2.538,2.478,2.793,2.45,2.855,2.891,2.51,2.45,2.715,2.402,2.578,2.516,2.922,2.891,2.904
15-Jun-09,2.742,2.618,2.646,2.618,2.541,2.767,2.493,2.948,2.979,2.589,2.493,2.781,2.47,2.658,2.597,2.866,2.983,3.002
22-Jun-09,2.777,2.665,2.687,2.67,2.573,2.789,2.509,2.981,3.005,2.633,2.509,2.857,2.482,2.714,2.636,2.877,3.024,3.015
29-Jun-09,2.744,2.64,2.666,2.649,2.524,2.702,2.474,2.957,2.984,2.617,2.474,2.853,2.43,2.7,2.624,2.822,3.005,2.984
6-Jul-09,2.713,2.621,2.651,2.629,2.493,2.667,2.417,2.924,2.952,2.605,2.417,2.839,2.384,2.678,2.615,2.766,2.959,2.974
13-Jul-09,2.631,2.544,2.564,2.558,2.411,2.54,2.33,2.852,2.88,2.515,2.33,2.798,2.32,2.615,2.523,2.659,2.906,2.903
20-Jul-09,2.572,2.489,2.505,2.506,2.347,2.462,2.264,2.799,2.829,2.448,2.264,2.752,2.259,2.562,2.462,2.589,2.854,2.87
27-Jul-09,2.594,2.495,2.523,2.501,2.383,2.536,2.35,2.799,2.829,2.46,2.35,2.72,2.308,2.553,2.472,2.616,2.84,2.863
3-Aug-09,2.653,2.545,2.577,2.547,2.445,2.61,2.405,2.866,2.896,2.516,2.405,2.741,2.377,2.6,2.52,2.67,2.925,2.942
10-Aug-09,2.755,2.623,2.657,2.622,2.538,2.688,2.491,3.006,3.04,2.59,2.491,2.811,2.47,2.672,2.596,2.735,3.05,3.062
17-Aug-09,2.757,2.638,2.669,2.64,2.543,2.633,2.49,3.014,3.047,2.609,2.49,2.849,2.477,2.689,2.614,2.693,3.043,3.066
24-Aug-09,2.746,2.631,2.661,2.635,2.521,2.633,2.471,2.998,3.031,2.605,2.471,2.846,2.463,2.684,2.61,2.706,3.03,3.053
31-Aug-09,2.737,2.631,2.678,2.631,2.498,2.592,2.433,3.001,3.037,2.615,2.433,2.853,2.418,2.688,2.62,2.683,3.029,3.072
7-Sep-09,2.733,2.613,2.667,2.615,2.455,2.525,2.355,3.055,3.099,2.597,2.355,2.85,2.337,2.679,2.604,2.63,3.113,3.131
14-Sep-09,2.741,2.594,2.651,2.595,2.425,2.542,2.327,3.103,3.153,2.582,2.327,2.835,2.316,2.663,2.588,2.626,3.153,3.195
21-Sep-09,2.712,2.552,2.603,2.557,2.38,2.508,2.299,3.088,3.14,2.547,2.299,2.815,2.274,2.618,2.554,2.595,3.138,3.178
28-Sep-09,2.655,2.49,2.544,2.491,2.331,2.425,2.258,3.043,3.098,2.498,2.258,2.774,2.229,2.558,2.502,2.524,3.107,3.13
5-Oct-09,2.621,2.445,2.509,2.44,2.291,2.408,2.238,3.011,3.069,2.47,2.238,2.725,2.213,2.502,2.471,2.498,3.075,3.118
12-Oct-09,2.611,2.426,2.47,2.422,2.329,2.491,2.283,2.959,3.015,2.426,2.283,2.694,2.243,2.481,2.426,2.558,3.03,3.063
19-Oct-09,2.663,2.509,2.529,2.511,2.444,2.61,2.394,2.935,2.988,2.477,2.394,2.728,2.361,2.563,2.478,2.66,3.007,3.05
26-Oct-09,2.744,2.627,2.653,2.623,2.575,2.762,2.52,2.938,2.985,2.598,2.52,2.804,2.489,2.649,2.599,2.824,3.021,3.045
2-Nov-09,2.766,2.666,2.69,2.665,2.603,2.754,2.54,2.95,2.987,2.635,2.54,2.853,2.505,2.697,2.64,2.832,3.029,3.036
9-Nov-09,2.748,2.659,2.682,2.661,2.583,2.687,2.501,2.946,2.981,2.63,2.501,2.868,2.482,2.695,2.635,2.793,3.021,3.018
16-Nov-09,2.72,2.639,2.667,2.639,2.558,2.611,2.463,2.927,2.961,2.618,2.463,2.862,2.448,2.679,2.623,2.731,3.009,2.981
23-Nov-09,2.714,2.634,2.66,2.635,2.552,2.635,2.465,2.908,2.94,2.602,2.465,2.856,2.431,2.678,2.606,2.716,2.996,2.942
30-Nov-09,2.704,2.633,2.656,2.636,2.548,2.619,2.457,2.889,2.921,2.599,2.457,2.86,2.432,2.68,2.601,2.708,2.976,2.926
7-Dec-09,2.703,2.636,2.664,2.637,2.552,2.607,2.476,2.883,2.912,2.605,2.476,2.858,2.45,2.677,2.607,2.69,2.966,2.915
14-Dec-09,2.681,2.616,2.637,2.619,2.537,2.567,2.433,2.871,2.903,2.587,2.433,2.843,2.38,2.658,2.59,2.672,2.949,2.911
21-Dec-09,2.679,2.597,2.618,2.601,2.522,2.6,2.414,2.879,2.912,2.567,2.414,2.833,2.371,2.643,2.57,2.692,2.943,2.921
28-Dec-09,2.696,2.606,2.628,2.608,2.53,2.632,2.437,2.899,2.933,2.588,2.437,2.84,2.418,2.647,2.59,2.731,2.973,2.92
4-Jan-10,2.745,2.646,2.675,2.645,2.563,2.712,2.494,2.945,2.987,2.626,2.494,2.861,2.461,2.686,2.627,2.788,3.035,2.987
11-Jan-10,2.822,2.73,2.761,2.727,2.66,2.792,2.589,3.007,3.046,2.703,2.589,2.905,2.58,2.756,2.699,2.884,3.1,3.054
18-Jan-10,2.813,2.74,2.767,2.738,2.677,2.743,2.584,2.99,3.026,2.721,2.584,2.929,2.56,2.767,2.718,2.846,3.068,3.042
25-Jan-10,2.787,2.716,2.743,2.717,2.634,2.685,2.546,2.975,3.008,2.698,2.546,2.919,2.532,2.747,2.696,2.799,3.046,3.027
1-Feb-10,2.75,2.69,2.732,2.685,2.602,2.617,2.497,2.942,2.975,2.673,2.497,2.904,2.481,2.731,2.671,2.741,3.025,2.992
8-Feb-10,2.738,2.678,2.714,2.676,2.581,2.624,2.472,2.926,2.961,2.662,2.472,2.892,2.47,2.718,2.659,2.713,3.016,2.951
15-Feb-10,2.701,2.652,2.69,2.653,2.543,2.556,2.417,2.892,2.926,2.633,2.417,2.868,2.405,2.69,2.632,2.66,2.974,2.919
22-Feb-10,2.726,2.659,2.699,2.655,2.566,2.695,2.482,2.886,2.918,2.632,2.482,2.861,2.456,2.697,2.635,2.794,2.968,2.924
1-Mar-10,2.768,2.675,2.709,2.671,2.604,2.694,2.546,2.967,2.999,2.639,2.546,2.865,2.508,2.711,2.641,2.79,3.038,3.009
8-Mar-10,2.813,2.714,2.748,2.71,2.644,2.742,2.596,3.016,3.046,2.686,2.596,2.88,2.557,2.743,2.68,2.823,3.072,3.071
15-Mar-10,2.846,2.748,2.771,2.741,2.723,2.792,2.651,3.033,3.061,2.702,2.651,2.887,2.637,2.765,2.699,2.88,3.085,3.081
22-Mar-10,2.875,2.756,2.77,2.746,2.766,2.896,2.661,3.065,3.091,2.702,2.661,2.887,2.642,2.764,2.698,3.022,3.125,3.092
29-Mar-10,2.867,2.752,2.763,2.746,2.751,2.851,2.658,3.065,3.087,2.701,2.658,2.885,2.643,2.761,2.696,2.979,3.111,3.098
5-Apr-10,2.891,2.773,2.789,2.761,2.789,2.935,2.699,3.067,3.088,2.722,2.699,2.903,2.677,2.779,2.72,3.04,3.111,3.093
12-Apr-10,2.917,2.807,2.825,2.796,2.814,2.959,2.75,3.078,3.096,2.762,2.75,2.94,2.706,2.811,2.761,3.05,3.122,3.109
19-Apr-10,2.92,2.813,2.837,2.802,2.808,2.991,2.732,3.071,3.09,2.769,2.732,2.956,2.699,2.827,2.77,3.085,3.116,3.098
26-Apr-10,2.922,2.845,2.888,2.829,2.81,2.947,2.705,3.065,3.088,2.819,2.705,2.988,2.656,2.864,2.82,3.072,3.12,3.1
3-May-10,2.97,2.897,2.94,2.886,2.835,3.036,2.76,3.094,3.118,2.87,2.76,3.054,2.723,2.927,2.869,3.126,3.144,3.139
10-May-10,2.979,2.908,2.935,2.907,2.838,2.999,2.772,3.114,3.139,2.865,2.772,3.096,2.736,2.948,2.863,3.119,3.165,3.148
17-May-10,2.95,2.884,2.916,2.883,2.799,2.957,2.739,3.088,3.118,2.852,2.739,3.083,2.701,2.927,2.85,3.068,3.134,3.129
24-May-10,2.88,2.823,2.857,2.825,2.714,2.843,2.675,3.021,3.049,2.799,2.675,3.023,2.648,2.87,2.795,2.975,3.07,3.07
31-May-10,2.83,2.767,2.806,2.771,2.638,2.763,2.61,2.992,3.024,2.749,2.61,2.984,2.596,2.827,2.743,2.917,3.041,3.045
7-Jun-10,2.831,2.735,2.776,2.737,2.61,2.796,2.565,3.033,3.068,2.719,2.565,2.956,2.542,2.793,2.713,2.896,3.101,3.112
14-Jun-10,2.803,2.708,2.748,2.708,2.593,2.742,2.523,3.016,3.053,2.691,2.523,2.934,2.498,2.761,2.687,2.863,3.07,3.096
21-Jun-10,2.84,2.72,2.753,2.72,2.624,2.833,2.553,3.066,3.1,2.69,2.553,2.93,2.532,2.769,2.686,2.922,3.13,3.151
28-Jun-10,2.852,2.731,2.761,2.732,2.64,2.793,2.577,3.093,3.126,2.695,2.577,2.946,2.54,2.785,2.693,2.921,3.143,3.174
5-Jul-10,2.83,2.715,2.75,2.717,2.609,2.719,2.548,3.083,3.117,2.684,2.548,2.944,2.523,2.769,2.684,2.859,3.126,3.161
12-Jul-10,2.826,2.703,2.739,2.705,2.591,2.761,2.527,3.078,3.113,2.682,2.527,2.937,2.493,2.759,2.681,2.852,3.123,3.15
19-Jul-10,2.827,2.693,2.725,2.697,2.584,2.776,2.505,3.094,3.13,2.668,2.505,2.933,2.473,2.753,2.667,2.874,3.147,3.172
26-Jul-10,2.843,2.704,2.736,2.704,2.613,2.82,2.549,3.098,3.134,2.675,2.549,2.931,2.532,2.759,2.673,2.933,3.148,3.169
2-Aug-10,2.836,2.703,2.738,2.701,2.62,2.782,2.534,3.095,3.129,2.675,2.534,2.93,2.505,2.755,2.673,2.882,3.138,3.168
9-Aug-10,2.873,2.722,2.754,2.716,2.669,2.842,2.604,3.134,3.172,2.683,2.604,2.882,2.578,2.752,2.686,2.925,3.17,3.205
16-Aug-10,2.847,2.701,2.741,2.692,2.634,2.755,2.576,3.125,3.165,2.673,2.576,2.88,2.538,2.732,2.674,2.878,3.166,3.203
23-Aug-10,2.812,2.667,2.711,2.66,2.581,2.708,2.523,3.1,3.14,2.65,2.523,2.849,2.492,2.697,2.651,2.833,3.137,3.159
30-Aug-10,2.771,2.625,2.673,2.618,2.527,2.682,2.482,3.053,3.092,2.618,2.482,2.821,2.463,2.663,2.622,2.793,3.078,3.12
6-Sep-10,2.755,2.611,2.655,2.603,2.533,2.756,2.463,3.004,3.041,2.593,2.463,2.799,2.443,2.653,2.597,2.86,3.03,3.082
13-Sep-10,2.776,2.616,2.655,2.606,2.563,2.916,2.496,2.99,3.026,2.59,2.496,2.79,2.486,2.649,2.592,3.018,3.021,3.045
20-Sep-10,2.766,2.624,2.656,2.612,2.599,2.837,2.53,2.971,3.005,2.588,2.53,2.783,2.511,2.645,2.591,2.977,2.99,3.035
27-Sep-10,2.747,2.622,2.656,2.609,2.591,2.753,2.504,2.96,2.996,2.592,2.504,2.789,2.498,2.645,2.593,2.905,2.984,3.025
4-Oct-10,2.787,2.677,2.718,2.662,2.641,2.795,2.569,2.975,3.013,2.647,2.569,2.828,2.528,2.702,2.65,2.916,3.02,3.04
11-Oct-10,2.873,2.778,2.823,2.767,2.708,2.865,2.647,3.052,3.089,2.754,2.647,2.932,2.64,2.806,2.751,2.965,3.1,3.126
18-Oct-10,2.917,2.824,2.864,2.82,2.735,2.884,2.666,3.108,3.147,2.801,2.666,2.991,2.633,2.864,2.798,2.989,3.154,3.171
25-Oct-10,2.909,2.833,2.882,2.826,2.734,2.818,2.649,3.107,3.143,2.829,2.649,2.999,2.616,2.874,2.825,2.944,3.146,3.157
1-Nov-10,2.903,2.828,2.882,2.82,2.716,2.806,2.62,3.109,3.145,2.835,2.62,2.995,2.591,2.867,2.832,2.895,3.142,3.165
8-Nov-10,2.934,2.849,2.907,2.838,2.745,2.959,2.651,3.107,3.141,2.845,2.651,3.022,2.64,2.893,2.842,3.068,3.137,3.159
15-Nov-10,2.98,2.918,2.98,2.909,2.797,2.97,2.699,3.138,3.175,2.911,2.699,3.099,2.676,2.97,2.909,3.076,3.177,3.207
22-Nov-10,2.979,2.953,3.019,2.947,2.796,2.89,2.66,3.136,3.171,2.953,2.66,3.15,2.66,3.013,2.952,3.014,3.184,3.203
29-Nov-10,2.963,2.953,3.009,2.954,2.785,2.849,2.632,3.115,3.152,2.946,2.632,3.173,2.625,3.022,2.943,2.981,3.165,3.188
6-Dec-10,3.045,3.019,3.074,3.016,2.885,2.967,2.78,3.181,3.216,3.008,2.78,3.226,2.748,3.077,3.005,3.066,3.24,3.241
13-Dec-10,3.07,3.044,3.081,3.048,2.924,2.972,2.789,3.218,3.25,3.012,2.789,3.272,2.788,3.108,3.013,3.054,3.256,3.295
20-Dec-10,3.084,3.051,3.093,3.05,2.935,3.041,2.822,3.216,3.247,3.025,2.822,3.284,2.799,3.115,3.026,3.107,3.26,3.287
27-Dec-10,3.13,3.087,3.122,3.085,2.996,3.132,2.878,3.255,3.287,3.055,2.878,3.306,2.886,3.146,3.057,3.246,3.303,3.331
3-Jan-11,3.146,3.1,3.138,3.097,3.014,3.155,2.891,3.272,3.308,3.082,2.891,3.318,2.876,3.158,3.079,3.261,3.326,3.322
10-Jan-11,3.166,3.119,3.162,3.115,3.02,3.16,2.907,3.299,3.332,3.11,2.907,3.335,2.907,3.177,3.107,3.274,3.349,3.351
17-Jan-11,3.179,3.135,3.174,3.133,3.035,3.124,2.955,3.316,3.349,3.113,2.955,3.347,2.918,3.192,3.111,3.24,3.37,3.377
24-Jan-11,3.186,3.146,3.185,3.146,3.04,3.136,2.929,3.325,3.357,3.124,2.929,3.37,2.929,3.208,3.122,3.227,3.377,3.388
31-Jan-11,3.186,3.144,3.187,3.144,3.027,3.137,2.902,3.335,3.364,3.126,2.902,3.373,2.91,3.21,3.124,3.245,3.392,3.381
7-Feb-11,3.211,3.153,3.2,3.149,3.038,3.197,2.932,3.366,3.397,3.138,2.932,3.389,2.94,3.221,3.131,3.31,3.414,3.419
14-Feb-11,3.233,3.16,3.208,3.156,3.045,3.157,2.975,3.42,3.447,3.141,2.975,3.391,2.948,3.227,3.134,3.284,3.453,3.47
21-Feb-11,3.29,3.185,3.224,3.182,3.091,3.209,2.992,3.527,3.555,3.153,2.992,3.421,2.985,3.246,3.148,3.326,3.574,3.574
28-Feb-11,3.471,3.354,3.383,3.35,3.296,3.446,3.223,3.685,3.719,3.301,3.223,3.577,3.216,3.403,3.303,3.563,3.735,3.753
7-Mar-11,3.617,3.504,3.546,3.493,3.443,3.549,3.394,3.837,3.874,3.462,3.394,3.712,3.382,3.548,3.46,3.678,3.892,3.915
14-Mar-11,3.671,3.549,3.578,3.54,3.513,3.578,3.431,3.915,3.954,3.485,3.431,3.765,3.419,3.591,3.486,3.668,3.975,3.968
21-Mar-11,3.678,3.543,3.567,3.537,3.507,3.633,3.41,3.926,3.966,3.481,3.41,3.766,3.42,3.591,3.481,3.714,3.993,3.98
28-Mar-11,3.719,3.561,3.584,3.552,3.543,3.683,3.474,3.983,4.028,3.49,3.474,3.784,3.467,3.605,3.49,3.756,4.06,4.044
4-Apr-11,3.786,3.636,3.663,3.626,3.616,3.798,3.583,4.013,4.057,3.562,3.583,3.845,3.58,3.676,3.561,3.933,4.092,4.08
11-Apr-11,3.893,3.738,3.764,3.722,3.754,3.933,3.702,4.112,4.161,3.66,3.702,3.922,3.699,3.766,3.661,4.098,4.188,4.176
18-Apr-11,3.964,3.829,3.873,3.809,3.817,4.033,3.758,4.153,4.205,3.767,3.758,4.012,3.739,3.866,3.767,4.185,4.232,4.216
25-Apr-11,4.011,3.906,3.952,3.888,3.878,4.109,3.768,4.168,4.217,3.849,3.768,4.1,3.773,3.945,3.847,4.252,4.245,4.246
2-May-11,4.081,3.994,4.046,3.976,3.946,4.186,3.869,4.207,4.257,3.94,3.869,4.182,3.85,4.045,3.937,4.352,4.293,4.285
9-May-11,4.087,4.012,4.063,3.997,3.949,4.188,3.85,4.209,4.254,3.957,3.85,4.224,3.853,4.069,3.96,4.397,4.288,4.285
16-May-11,4.076,4.012,4.068,3.993,3.96,4.184,3.86,4.174,4.218,3.965,3.86,4.214,3.855,4.064,3.967,4.343,4.258,4.239
23-May-11,3.976,3.936,3.998,3.918,3.862,4.01,3.732,4.082,4.121,3.911,3.732,4.141,3.719,3.996,3.92,4.192,4.16,4.143
30-May-11,3.905,3.865,3.93,3.85,3.769,3.951,3.623,4.019,4.056,3.839,3.623,4.05,3.624,3.929,3.85,4.141,4.089,4.061
6-Jun-11,3.87,3.817,3.88,3.802,3.722,4.051,3.561,3.96,3.994,3.795,3.561,3.985,3.565,3.869,3.801,4.254,4.016,4.007
13-Jun-11,3.816,3.775,3.823,3.771,3.664,3.917,3.558,3.906,3.94,3.743,3.558,3.955,3.528,3.833,3.747,4.114,3.971,3.946
20-Jun-11,3.769,3.739,3.803,3.726,3.632,3.813,3.516,3.864,3.9,3.72,3.516,3.925,3.498,3.792,3.722,3.992,3.932,3.928
27-Jun-11,3.702,3.694,3.773,3.679,3.55,3.67,3.445,3.802,3.839,3.704,3.445,3.881,3.43,3.759,3.701,3.867,3.883,3.858
4-Jul-11,3.674,3.654,3.739,3.638,3.507,3.76,3.393,3.751,3.794,3.665,3.393,3.849,3.367,3.72,3.659,3.938,3.846,3.816
11-Jul-11,3.71,3.712,3.781,3.695,3.609,3.818,3.501,3.735,3.778,3.705,3.501,3.893,3.478,3.762,3.7,3.939,3.834,3.804
18-Jul-11,3.753,3.761,3.843,3.736,3.669,3.866,3.587,3.755,3.8,3.759,3.587,3.948,3.57,3.808,3.759,3.984,3.844,3.831
25-Jul-11,3.766,3.784,3.859,3.762,3.696,3.821,3.62,3.77,3.818,3.77,3.62,3.986,3.595,3.839,3.77,3.948,3.863,3.836
1-Aug-11,3.768,3.793,3.862,3.774,3.7,3.832,3.608,3.766,3.811,3.764,3.608,4.012,3.582,3.863,3.765,3.969,3.845,3.842
8-Aug-11,3.733,3.759,3.844,3.738,3.632,3.745,3.559,3.754,3.798,3.755,3.559,3.987,3.542,3.825,3.755,3.923,3.824,3.83
15-Aug-11,3.664,3.694,3.785,3.674,3.552,3.668,3.454,3.692,3.734,3.704,3.454,3.925,3.464,3.759,3.71,3.845,3.743,3.77
22-Aug-11,3.641,3.654,3.756,3.625,3.521,3.64,3.424,3.693,3.734,3.67,3.424,3.882,3.432,3.708,3.677,3.812,3.77,3.754
29-Aug-11,3.683,3.651,3.736,3.629,3.529,3.785,3.425,3.763,3.809,3.64,3.425,3.857,3.411,3.708,3.646,3.92,3.842,3.866
5-Sep-11,3.741,3.672,3.761,3.65,3.539,3.799,3.431,3.892,3.944,3.668,3.431,3.895,3.429,3.737,3.671,3.982,3.971,3.967
12-Sep-11,3.729,3.672,3.764,3.649,3.539,3.723,3.404,3.894,3.944,3.667,3.404,3.898,3.404,3.735,3.67,3.918,3.975,3.96
19-Sep-11,3.688,3.631,3.707,3.619,3.479,3.63,3.355,3.875,3.923,3.613,3.355,3.869,3.371,3.692,3.612,3.826,3.958,3.939
26-Sep-11,3.612,3.556,3.629,3.55,3.39,3.481,3.22,3.84,3.887,3.548,3.22,3.821,3.26,3.625,3.542,3.708,3.915,3.892
3-Oct-11,3.543,3.486,3.572,3.473,3.311,3.382,3.137,3.789,3.835,3.485,3.137,3.727,3.191,3.549,3.477,3.57,3.855,3.846
10-Oct-11,3.52,3.44,3.519,3.427,3.289,3.386,3.151,3.768,3.815,3.427,3.151,3.69,3.166,3.505,3.419,3.517,3.846,3.838
17-Oct-11,3.571,3.48,3.551,3.465,3.362,3.432,3.26,3.815,3.864,3.465,3.26,3.708,3.241,3.535,3.455,3.509,3.915,3.858
24-Oct-11,3.56,3.477,3.54,3.465,3.366,3.374,3.268,3.808,3.858,3.448,3.268,3.714,3.238,3.533,3.443,3.468,3.896,3.865
31-Oct-11,3.551,3.46,3.52,3.449,3.348,3.43,3.227,3.795,3.846,3.425,3.227,3.687,3.217,3.51,3.421,3.547,3.893,3.863
7-Nov-11,3.535,3.436,3.505,3.423,3.317,3.39,3.19,3.803,3.855,3.408,3.19,3.669,3.185,3.486,3.403,3.504,3.915,3.85
14-Nov-11,3.538,3.439,3.504,3.424,3.342,3.426,3.203,3.79,3.84,3.411,3.203,3.666,3.19,3.487,3.404,3.596,3.898,3.82
21-Nov-11,3.485,3.4,3.468,3.383,3.302,3.344,3.134,3.738,3.786,3.379,3.134,3.642,3.108,3.454,3.366,3.514,3.819,3.762
28-Nov-11,3.43,3.36,3.436,3.341,3.25,3.279,3.07,3.672,3.718,3.35,3.07,3.612,3.09,3.414,3.339,3.45,3.756,3.7
5-Dec-11,3.395,3.325,3.405,3.301,3.227,3.282,3.066,3.614,3.655,3.317,3.066,3.571,3.074,3.37,3.307,3.401,3.704,3.643
12-Dec-11,3.372,3.312,3.379,3.294,3.223,3.264,3.067,3.571,3.611,3.279,3.067,3.556,3.06,3.363,3.271,3.388,3.643,3.586
19-Dec-11,3.325,3.28,3.346,3.265,3.178,3.188,3.018,3.517,3.556,3.251,3.018,3.52,3.026,3.335,3.242,3.302,3.597,3.537
26-Dec-11,3.35,3.279,3.339,3.268,3.169,3.296,3.062,3.538,3.576,3.252,3.062,3.505,3.063,3.331,3.243,3.386,3.635,3.564
2-Jan-12,3.393,3.316,3.377,3.304,3.214,3.345,3.067,3.594,3.635,3.291,3.067,3.52,3.06,3.366,3.285,3.49,3.708,3.617
9-Jan-12,3.486,3.406,3.466,3.4,3.275,3.488,3.192,3.664,3.707,3.386,3.192,3.609,3.18,3.459,3.382,3.611,3.778,3.689
16-Jan-12,3.494,3.423,3.48,3.416,3.296,3.496,3.2,3.663,3.7,3.394,3.2,3.639,3.206,3.484,3.391,3.663,3.773,3.675
23-Jan-12,3.505,3.456,3.505,3.455,3.325,3.407,3.229,3.679,3.714,3.417,3.229,3.689,3.244,3.522,3.413,3.532,3.794,3.697
30-Jan-12,3.55,3.519,3.577,3.516,3.372,3.431,3.294,3.706,3.741,3.488,3.294,3.741,3.349,3.588,3.481,3.494,3.832,3.731
6-Feb-12,3.578,3.544,3.593,3.544,3.405,3.488,3.322,3.725,3.758,3.512,3.322,3.792,3.394,3.619,3.503,3.568,3.849,3.74
13-Feb-12,3.642,3.604,3.641,3.598,3.53,3.461,3.472,3.801,3.835,3.548,3.472,3.843,3.436,3.66,3.545,3.522,3.918,3.814
20-Feb-12,3.735,3.647,3.692,3.637,3.572,3.488,3.499,3.993,4.035,3.604,3.499,3.88,3.481,3.703,3.601,3.524,4.123,4.054
27-Feb-12,3.889,3.718,3.769,3.708,3.631,3.706,3.578,4.24,4.292,3.68,3.578,3.925,3.55,3.772,3.675,3.787,4.352,4.313
5-Mar-12,3.954,3.757,3.817,3.742,3.668,3.851,3.621,4.312,4.358,3.723,3.621,3.965,3.58,3.81,3.723,4.01,4.407,4.353
12-Mar-12,4.002,3.778,3.81,3.768,3.745,4.006,3.743,4.331,4.376,3.72,3.743,3.972,3.71,3.817,3.721,4.13,4.441,4.356
19-Mar-12,4.034,3.807,3.828,3.791,3.836,4.118,3.785,4.333,4.375,3.737,3.785,3.991,3.776,3.825,3.734,4.282,4.446,4.339
26-Mar-12,4.076,3.859,3.86,3.845,3.928,4.275,3.84,4.32,4.359,3.757,3.84,4.033,3.825,3.869,3.751,4.47,4.431,4.336
2-Apr-12,4.08,3.899,3.899,3.885,3.977,4.235,3.89,4.285,4.322,3.793,3.89,4.075,3.867,3.913,3.794,4.415,4.385,4.315
9-Apr-12,4.069,3.952,3.967,3.937,3.989,4.121,3.861,4.244,4.28,3.875,3.861,4.125,3.85,3.974,3.871,4.285,4.35,4.257
16-Apr-12,4.039,3.945,3.992,3.918,3.962,4.039,3.838,4.204,4.235,3.905,3.838,4.112,3.85,3.963,3.898,4.187,4.292,4.221
23-Apr-12,4.007,3.919,3.966,3.897,3.901,4.015,3.776,4.172,4.203,3.874,3.776,4.102,3.816,3.95,3.871,4.212,4.253,4.191
30-Apr-12,3.967,3.866,3.932,3.84,3.818,3.978,3.712,4.154,4.186,3.85,3.712,4.051,3.765,3.899,3.848,4.146,4.235,4.173
7-May-12,3.943,3.815,3.883,3.795,3.739,3.943,3.645,4.176,4.213,3.797,3.645,3.988,3.692,3.851,3.795,4.178,4.264,4.217
14-May-12,3.956,3.764,3.83,3.747,3.666,3.865,3.589,4.315,4.367,3.742,3.589,3.957,3.638,3.808,3.739,4.064,4.442,4.386
21-May-12,3.909,3.712,3.782,3.697,3.593,3.811,3.514,4.286,4.336,3.695,3.514,3.902,3.563,3.758,3.694,3.993,4.386,4.348
28-May-12,3.868,3.659,3.732,3.645,3.529,3.783,3.46,4.258,4.312,3.655,3.46,3.839,3.494,3.705,3.645,3.975,4.346,4.328
4-Jun-12,3.812,3.604,3.679,3.589,3.468,3.712,3.399,4.208,4.26,3.6,3.399,3.795,3.438,3.66,3.59,3.894,4.285,4.271
11-Jun-12,3.745,3.534,3.612,3.52,3.391,3.744,3.322,4.112,4.164,3.535,3.322,3.71,3.333,3.584,3.525,3.93,4.179,4.184
18-Jun-12,3.66,3.479,3.556,3.463,3.342,3.658,3.264,3.984,4.029,3.474,3.264,3.645,3.283,3.514,3.468,3.827,4.027,4.05
25-Jun-12,3.562,3.423,3.504,3.405,3.291,3.497,3.21,3.848,3.887,3.417,3.21,3.6,3.198,3.467,3.414,3.659,3.89,3.893
2-Jul-12,3.493,3.394,3.466,3.385,3.245,3.41,3.153,3.737,3.773,3.382,3.153,3.587,3.158,3.443,3.378,3.551,3.767,3.795
9-Jul-12,3.522,3.443,3.494,3.442,3.309,3.567,3.197,3.695,3.733,3.415,3.197,3.636,3.174,3.497,3.409,3.727,3.744,3.726
16-Jul-12,3.561,3.501,3.553,3.502,3.347,3.581,3.267,3.711,3.753,3.479,3.267,3.683,3.237,3.553,3.481,3.719,3.801,3.734
23-Jul-12,3.619,3.579,3.645,3.574,3.421,3.571,3.364,3.758,3.808,3.566,3.364,3.796,3.322,3.649,3.564,3.705,3.893,3.797
30-Jul-12,3.63,3.587,3.648,3.582,3.445,3.67,3.351,3.748,3.802,3.566,3.351,3.791,3.332,3.653,3.562,3.819,3.871,3.816
6-Aug-12,3.727,3.658,3.725,3.648,3.525,3.966,3.432,3.81,3.868,3.648,3.432,3.84,3.417,3.705,3.648,4.179,3.937,3.872
13-Aug-12,3.846,3.737,3.786,3.731,3.633,3.981,3.509,4.023,4.096,3.71,3.509,3.931,3.498,3.794,3.706,4.159,4.156,4.152
20-Aug-12,3.873,3.765,3.819,3.76,3.638,3.955,3.552,4.063,4.129,3.738,3.552,3.972,3.501,3.821,3.736,4.17,4.168,4.148
27-Aug-12,3.888,3.776,3.824,3.774,3.652,3.937,3.552,4.1,4.158,3.742,3.552,3.984,3.537,3.838,3.738,4.093,4.195,4.166
3-Sep-12,3.94,3.811,3.857,3.805,3.709,4.069,3.656,4.127,4.176,3.776,3.656,4.017,3.622,3.869,3.772,4.251,4.199,4.197
10-Sep-12,3.949,3.847,3.922,3.832,3.713,4.023,3.638,4.132,4.178,3.848,3.638,4.014,3.618,3.895,3.857,4.185,4.201,4.196
17-Sep-12,3.974,3.919,3.991,3.913,3.751,4.042,3.629,4.116,4.155,3.905,3.629,4.134,3.635,3.99,3.907,4.231,4.167,4.165
24-Sep-12,3.934,3.876,3.954,3.867,3.704,3.923,3.58,4.112,4.151,3.882,3.58,4.068,3.584,3.938,3.881,4.117,4.161,4.192
1-Oct-12,3.916,3.862,3.965,3.849,3.646,3.829,3.513,4.129,4.176,3.892,3.513,4.046,3.534,3.931,3.894,4.011,4.213,4.216
8-Oct-12,4.078,3.872,3.963,3.869,3.633,3.825,3.519,4.57,4.659,3.901,3.519,4.109,3.497,3.958,3.89,4.001,4.736,4.675
15-Oct-12,4.042,3.836,3.933,3.827,3.612,3.749,3.512,4.539,4.623,3.863,3.512,4.052,3.491,3.917,3.854,3.868,4.691,4.615
22-Oct-12,3.908,3.75,3.851,3.737,3.536,3.536,3.425,4.364,4.432,3.789,3.425,3.942,3.417,3.816,3.781,3.668,4.473,4.441
29-Oct-12,3.752,3.645,3.753,3.627,3.44,3.432,3.302,4.122,4.169,3.7,3.302,3.81,3.309,3.692,3.688,3.581,4.206,4.196
5-Nov-12,3.673,3.633,3.728,3.631,3.381,3.376,3.224,3.96,3.996,3.68,3.224,3.806,3.232,3.695,3.666,3.524,4.024,4.01
12-Nov-12,3.611,3.606,3.685,3.619,3.317,3.408,3.15,3.828,3.858,3.626,3.15,3.825,3.163,3.7,3.616,3.563,3.87,3.9
19-Nov-12,3.573,3.594,3.651,3.624,3.27,3.393,3.113,3.753,3.783,3.591,3.113,3.921,3.129,3.732,3.578,3.553,3.825,3.81
26-Nov-12,3.553,3.574,3.639,3.596,3.267,3.418,3.107,3.713,3.747,3.579,3.107,3.909,3.133,3.709,3.564,3.577,3.785,3.776
3-Dec-12,3.513,3.53,3.598,3.546,3.249,3.403,3.092,3.662,3.696,3.534,3.092,3.835,3.121,3.649,3.522,3.497,3.75,3.707
10-Dec-12,3.459,3.488,3.56,3.499,3.224,3.34,3.074,3.585,3.619,3.494,3.074,3.786,3.094,3.599,3.482,3.478,3.69,3.63
17-Dec-12,3.371,3.42,3.486,3.434,3.157,3.2,2.998,3.491,3.525,3.416,2.998,3.729,3.011,3.536,3.408,3.324,3.589,3.54
24-Dec-12,3.366,3.416,3.466,3.431,3.195,3.225,3.025,3.464,3.506,3.386,3.025,3.71,3.029,3.518,3.379,3.313,3.587,3.511
31-Dec-12,3.41,3.446,3.485,3.457,3.276,3.306,3.09,3.504,3.554,3.402,3.09,3.721,3.076,3.538,3.396,3.384,3.612,3.585
7-Jan-13,3.437,3.464,3.504,3.468,3.329,3.235,3.194,3.551,3.605,3.43,3.194,3.73,3.174,3.546,3.422,3.305,3.656,3.615
14-Jan-13,3.444,3.462,3.505,3.464,3.333,3.265,3.188,3.564,3.615,3.432,3.188,3.721,3.177,3.544,3.426,3.346,3.698,3.612
21-Jan-13,3.444,3.436,3.488,3.433,3.303,3.309,3.169,3.585,3.63,3.408,3.169,3.685,3.159,3.512,3.405,3.416,3.747,3.607
28-Jan-13,3.484,3.469,3.522,3.472,3.305,3.366,3.189,3.633,3.676,3.446,3.189,3.712,3.156,3.547,3.444,3.475,3.777,3.652
4-Feb-13,3.678,3.621,3.674,3.62,3.48,3.648,3.353,3.852,3.904,3.589,3.353,3.873,3.341,3.692,3.588,3.78,4.038,3.867
11-Feb-13,3.769,3.682,3.73,3.683,3.543,3.733,3.4,3.99,4.044,3.658,3.4,3.933,3.378,3.753,3.654,3.873,4.192,3.973
18-Feb-13,3.866,3.745,3.791,3.738,3.654,3.876,3.52,4.104,4.154,3.722,3.52,3.969,3.543,3.791,3.722,4.002,4.318,4.081
25-Feb-13,3.914,3.779,3.813,3.769,3.733,3.848,3.655,4.168,4.211,3.741,3.655,4.005,3.614,3.819,3.743,3.956,4.347,4.198
4-Mar-13,3.888,3.745,3.792,3.731,3.688,3.786,3.598,4.173,4.212,3.721,3.598,3.987,3.563,3.784,3.723,3.931,4.333,4.203
11-Mar-13,3.85,3.714,3.766,3.7,3.643,3.718,3.558,4.138,4.174,3.691,3.558,3.966,3.511,3.757,3.695,3.826,4.288,4.174
18-Mar-13,3.829,3.686,3.738,3.667,3.638,3.789,3.556,4.087,4.12,3.657,3.556,3.923,3.532,3.723,3.663,3.877,4.228,4.119
25-Mar-13,3.813,3.666,3.714,3.648,3.631,3.836,3.591,4.038,4.069,3.632,3.591,3.907,3.512,3.701,3.636,3.956,4.173,4.053
1-Apr-13,3.799,3.649,3.692,3.629,3.636,3.865,3.55,4.02,4.053,3.609,3.55,3.877,3.507,3.68,3.61,3.991,4.135,4.059
8-Apr-13,3.751,3.604,3.643,3.585,3.595,3.744,3.492,3.999,4.033,3.569,3.492,3.821,3.457,3.634,3.571,3.865,4.106,4.045
15-Apr-13,3.694,3.551,3.599,3.53,3.53,3.647,3.413,3.957,3.992,3.524,3.413,3.784,3.4,3.584,3.528,3.763,4.039,4.008
22-Apr-13,3.671,3.5,3.545,3.477,3.496,3.822,3.381,3.897,3.934,3.46,3.381,3.71,3.367,3.532,3.466,3.978,3.952,3.988
29-Apr-13,3.657,3.477,3.52,3.459,3.456,3.913,3.344,3.864,3.905,3.431,3.344,3.681,3.342,3.515,3.433,4.075,3.917,3.962
6-May-13,3.662,3.482,3.522,3.467,3.446,3.935,3.346,3.865,3.911,3.436,3.346,3.691,3.328,3.527,3.434,4.125,3.945,3.941
13-May-13,3.729,3.519,3.556,3.512,3.456,3.97,3.379,3.985,4.04,3.463,3.379,3.721,3.373,3.573,3.461,4.175,4.091,4.072
20-May-13,3.752,3.545,3.583,3.536,3.491,3.995,3.441,3.991,4.048,3.492,3.441,3.734,3.368,3.593,3.489,4.202,4.086,4.08
27-May-13,3.736,3.561,3.595,3.559,3.479,3.91,3.4,3.972,4.022,3.511,3.4,3.762,3.347,3.616,3.506,4.087,4.045,4.045
3-Jun-13,3.721,3.547,3.589,3.54,3.464,3.984,3.371,3.93,3.977,3.503,3.371,3.744,3.324,3.599,3.498,4.233,3.995,4.016
10-Jun-13,3.731,3.546,3.598,3.534,3.461,4.095,3.359,3.925,3.969,3.517,3.359,3.744,3.321,3.597,3.511,4.361,4.006,3.988
17-Jun-13,3.73,3.546,3.606,3.527,3.485,4.005,3.393,3.943,3.989,3.522,3.393,3.746,3.338,3.585,3.518,4.246,4.041,4.021
24-Jun-13,3.741,3.551,3.606,3.535,3.485,3.799,3.44,4.024,4.075,3.518,3.44,3.745,3.343,3.597,3.519,4.017,4.161,4.065
1-Jul-13,3.676,3.526,3.576,3.516,3.442,3.635,3.365,3.954,4.002,3.495,3.365,3.727,3.302,3.583,3.491,3.845,4.075,4.002
8-Jul-13,3.657,3.523,3.58,3.512,3.423,3.568,3.334,3.936,3.985,3.487,3.334,3.726,3.283,3.581,3.485,3.757,4.055,3.987
15-Jul-13,3.786,3.67,3.746,3.653,3.549,3.883,3.493,3.971,4.015,3.644,3.493,3.856,3.416,3.722,3.646,4.023,4.106,4.01
22-Jul-13,3.831,3.732,3.824,3.706,3.616,3.913,3.56,3.996,4.036,3.716,3.56,3.887,3.503,3.764,3.729,4.085,4.119,4.023
29-Jul-13,3.806,3.746,3.819,3.735,3.599,3.786,3.537,3.963,4.002,3.719,3.537,3.972,3.494,3.81,3.72,3.959,4.07,3.972
5-Aug-13,3.769,3.716,3.801,3.701,3.556,3.771,3.496,3.91,3.95,3.71,3.496,3.946,3.459,3.779,3.703,3.905,4.008,3.956
12-Aug-13,3.703,3.664,3.769,3.642,3.484,3.624,3.426,3.86,3.901,3.689,3.426,3.878,3.413,3.718,3.686,3.764,3.943,3.911
19-Aug-13,3.664,3.64,3.749,3.615,3.466,3.604,3.406,3.792,3.83,3.675,3.406,3.831,3.387,3.69,3.67,3.692,3.855,3.862
26-Aug-13,3.653,3.627,3.739,3.601,3.451,3.626,3.423,3.763,3.802,3.661,3.423,3.82,3.375,3.672,3.658,3.73,3.844,3.823
2-Sep-13,3.679,3.658,3.76,3.644,3.441,3.718,3.384,3.779,3.822,3.684,3.384,3.851,3.369,3.705,3.679,3.813,3.878,3.844
9-Sep-13,3.687,3.646,3.756,3.635,3.395,3.647,3.356,3.849,3.899,3.679,3.356,3.858,3.347,3.712,3.674,3.767,3.969,3.909
16-Sep-13,3.698,3.604,3.721,3.591,3.339,3.555,3.265,3.987,4.051,3.635,3.265,3.827,3.276,3.672,3.63,3.71,4.077,4.054
23-Sep-13,3.641,3.535,3.677,3.509,3.277,3.514,3.19,3.944,4.005,3.594,3.19,3.759,3.198,3.584,3.589,3.654,4.026,4.033
30-Sep-13,3.574,3.474,3.623,3.446,3.205,3.422,3.142,3.872,3.932,3.55,3.142,3.683,3.146,3.523,3.546,3.565,3.958,3.969
7-Oct-13,3.511,3.422,3.576,3.385,3.184,3.351,3.094,3.794,3.85,3.509,3.094,3.612,3.082,3.465,3.499,3.491,3.868,3.924
14-Oct-13,3.478,3.391,3.527,3.35,3.227,3.378,3.063,3.738,3.791,3.453,3.063,3.574,3.063,3.42,3.443,3.501,3.795,3.889
21-Oct-13,3.464,3.369,3.491,3.334,3.215,3.363,3.111,3.713,3.766,3.407,3.111,3.571,3.064,3.397,3.397,3.495,3.76,3.856
28-Oct-13,3.417,3.341,3.457,3.313,3.17,3.278,3.034,3.668,3.718,3.368,3.034,3.539,3.017,3.378,3.36,3.413,3.733,3.805
4-Nov-13,3.382,3.316,3.427,3.289,3.146,3.251,3.006,3.617,3.665,3.348,3.006,3.519,2.972,3.361,3.335,3.389,3.681,3.733
11-Nov-13,3.323,3.274,3.392,3.247,3.093,3.14,2.946,3.557,3.603,3.309,2.946,3.48,2.946,3.318,3.298,3.248,3.612,3.659
18-Nov-13,3.341,3.313,3.393,3.297,3.176,3.231,2.996,3.515,3.56,3.311,2.996,3.504,2.949,3.358,3.297,3.325,3.577,3.604
25-Nov-13,3.401,3.401,3.449,3.393,3.311,3.317,3.152,3.506,3.547,3.377,3.152,3.565,3.115,3.441,3.364,3.396,3.586,3.577
2-Dec-13,3.403,3.415,3.473,3.407,3.301,3.227,3.133,3.533,3.576,3.409,3.133,3.596,3.107,3.465,3.393,3.317,3.634,3.585
9-Dec-13,3.397,3.419,3.493,3.408,3.27,3.184,3.11,3.535,3.58,3.423,3.11,3.6,3.08,3.471,3.414,3.272,3.651,3.587
16-Dec-13,3.395,3.428,3.51,3.421,3.235,3.22,3.03,3.531,3.574,3.445,3.03,3.624,3.049,3.487,3.437,3.313,3.646,3.578
23-Dec-13,3.422,3.44,3.522,3.43,3.266,3.288,3.096,3.549,3.594,3.458,3.096,3.65,3.089,3.5,3.451,3.396,3.668,3.606
30-Dec-13,3.471,3.48,3.547,3.475,3.323,3.349,3.146,3.603,3.647,3.487,3.146,3.686,3.132,3.542,3.479,3.45,3.693,3.66
6-Jan-14,3.48,3.484,3.557,3.478,3.309,3.342,3.149,3.624,3.667,3.496,3.149,3.697,3.124,3.539,3.487,3.473,3.722,3.672
13-Jan-14,3.452,3.45,3.529,3.44,3.28,3.349,3.113,3.595,3.635,3.469,3.113,3.629,3.096,3.496,3.458,3.455,3.674,3.659
20-Jan-14,3.414,3.405,3.485,3.393,3.249,3.307,3.107,3.556,3.589,3.426,3.107,3.588,3.083,3.445,3.415,3.45,3.631,3.627
27-Jan-14,3.407,3.386,3.455,3.38,3.226,3.347,3.086,3.549,3.582,3.393,3.086,3.569,3.074,3.428,3.382,3.45,3.616,3.622
3-Feb-14,3.395,3.367,3.435,3.361,3.21,3.305,3.07,3.556,3.59,3.371,3.07,3.561,3.057,3.415,3.359,3.418,3.633,3.627
10-Feb-14,3.417,3.367,3.439,3.361,3.194,3.391,3.068,3.59,3.626,3.371,3.068,3.552,3.07,3.417,3.36,3.516,3.717,3.634
17-Feb-14,3.492,3.438,3.476,3.454,3.244,3.445,3.206,3.656,3.697,3.404,3.206,3.669,3.117,3.511,3.391,3.583,3.788,3.701
24-Feb-14,3.55,3.479,3.539,3.482,3.286,3.532,3.183,3.748,3.795,3.464,3.183,3.668,3.131,3.541,3.455,3.661,3.888,3.78
3-Mar-14,3.601,3.502,3.561,3.508,3.3,3.658,3.236,3.804,3.855,3.49,3.236,3.68,3.154,3.56,3.48,3.808,3.946,3.862
10-Mar-14,3.637,3.533,3.584,3.543,3.337,3.684,3.284,3.845,3.897,3.511,3.284,3.759,3.196,3.608,3.502,3.817,3.982,3.922
17-Mar-14,3.669,3.545,3.597,3.546,3.391,3.704,3.316,3.902,3.958,3.524,3.316,3.766,3.32,3.607,3.517,3.868,4.05,3.969
24-Mar-14,3.68,3.547,3.59,3.546,3.432,3.702,3.384,3.912,3.969,3.515,3.384,3.76,3.345,3.597,3.511,3.832,4.057,3.976
31-Mar-14,3.701,3.552,3.594,3.542,3.493,3.743,3.419,3.938,3.997,3.521,3.419,3.758,3.361,3.584,3.521,3.887,4.061,4.005
7-Apr-14,3.728,3.565,3.593,3.556,3.536,3.815,3.438,3.969,4.028,3.525,3.438,3.754,3.387,3.594,3.522,3.942,4.106,4.039
14-Apr-14,3.798,3.586,3.63,3.569,3.555,3.894,3.52,4.088,4.156,3.557,3.52,3.756,3.443,3.603,3.559,4.074,4.284,4.139
21-Apr-14,3.832,3.642,3.68,3.636,3.566,3.853,3.509,4.137,4.206,3.607,3.509,3.819,3.452,3.681,3.601,4.015,4.306,4.183
28-Apr-14,3.879,3.713,3.754,3.713,3.595,3.878,3.491,4.183,4.254,3.681,3.491,3.936,3.468,3.775,3.677,4.031,4.332,4.27
5-May-14,3.849,3.699,3.756,3.693,3.573,3.806,3.443,4.155,4.222,3.68,3.443,3.925,3.452,3.753,3.673,3.966,4.287,4.265
12-May-14,3.817,3.685,3.745,3.682,3.533,3.759,3.419,4.107,4.169,3.663,3.419,3.905,3.437,3.732,3.656,3.867,4.222,4.19
19-May-14,3.816,3.672,3.736,3.665,3.527,3.785,3.459,4.099,4.159,3.658,3.459,3.869,3.417,3.712,3.651,3.877,4.204,4.204
26-May-14,3.815,3.683,3.736,3.678,3.556,3.804,3.456,4.077,4.135,3.656,3.456,3.866,3.423,3.719,3.65,3.917,4.18,4.18
2-Jun-14,3.83,3.68,3.733,3.676,3.557,3.917,3.487,4.071,4.127,3.651,3.487,3.871,3.414,3.72,3.643,4.059,4.175,4.169
9-Jun-14,3.811,3.676,3.731,3.673,3.54,3.868,3.442,4.053,4.106,3.652,3.442,3.888,3.404,3.726,3.645,4.015,4.147,4.155
16-Jun-14,3.824,3.694,3.752,3.687,3.564,3.931,3.438,4.049,4.102,3.672,3.438,3.887,3.415,3.738,3.667,4.092,4.149,4.148
23-Jun-14,3.84,3.725,3.769,3.726,3.593,3.88,3.529,4.05,4.102,3.69,3.529,3.938,3.465,3.779,3.687,4,4.152,4.133
30-Jun-14,3.85,3.738,3.78,3.742,3.602,3.853,3.508,4.079,4.132,3.7,3.508,3.962,3.462,3.796,3.694,3.947,4.193,4.164
7-Jul-14,3.831,3.731,3.787,3.73,3.574,3.774,3.464,4.076,4.128,3.708,3.464,3.96,3.443,3.788,3.704,3.872,4.187,4.156
14-Jul-14,3.793,3.7,3.766,3.697,3.532,3.683,3.46,4.039,4.09,3.687,3.46,3.897,3.418,3.743,3.678,3.772,4.118,4.109
21-Jul-14,3.741,3.654,3.728,3.646,3.485,3.628,3.387,3.986,4.034,3.649,3.387,3.858,3.355,3.699,3.64,3.695,4.043,4.059
28-Jul-14,3.687,3.609,3.704,3.592,3.439,3.497,3.347,3.945,3.991,3.631,3.347,3.819,3.34,3.639,3.616,3.597,4.002,4.019
4-Aug-14,3.655,3.566,3.655,3.552,3.393,3.544,3.293,3.904,3.948,3.574,3.293,3.775,3.306,3.603,3.564,3.638,3.93,4.002
11-Aug-14,3.628,3.524,3.614,3.51,3.353,3.573,3.238,3.882,3.926,3.536,3.238,3.723,3.261,3.562,3.527,3.608,3.913,3.96
18-Aug-14,3.605,3.483,3.586,3.459,3.324,3.573,3.284,3.852,3.898,3.506,3.284,3.691,3.262,3.509,3.501,3.68,3.885,3.937
25-Aug-14,3.574,3.451,3.552,3.428,3.287,3.529,3.244,3.83,3.876,3.465,3.244,3.638,3.246,3.479,3.46,3.592,3.853,3.923
1-Sep-14,3.561,3.448,3.55,3.429,3.263,3.552,3.209,3.798,3.843,3.476,3.209,3.625,3.232,3.467,3.472,3.68,3.809,3.906
8-Sep-14,3.563,3.447,3.546,3.432,3.25,3.606,3.256,3.771,3.816,3.475,3.256,3.623,3.213,3.475,3.473,3.75,3.794,3.863
15-Sep-14,3.525,3.423,3.53,3.407,3.204,3.527,3.19,3.74,3.786,3.468,3.19,3.607,3.164,3.445,3.463,3.67,3.77,3.833
22-Sep-14,3.472,3.376,3.49,3.352,3.183,3.469,3.133,3.683,3.728,3.435,3.133,3.534,3.111,3.382,3.43,3.572,3.71,3.799
29-Sep-14,3.459,3.357,3.463,3.332,3.195,3.47,3.203,3.647,3.693,3.395,3.203,3.528,3.121,3.357,3.396,3.585,3.692,3.762
6-Oct-14,3.41,3.323,3.411,3.311,3.145,3.349,3.108,3.62,3.666,3.359,3.108,3.545,3.059,3.353,3.354,3.496,3.689,3.723
13-Oct-14,3.334,3.257,3.357,3.243,3.059,3.258,2.992,3.551,3.598,3.308,2.992,3.5,2.994,3.283,3.304,3.409,3.621,3.64
20-Oct-14,3.223,3.157,3.253,3.142,2.971,3.106,2.884,3.442,3.489,3.199,2.884,3.419,2.944,3.201,3.197,3.27,3.516,3.545
27-Oct-14,3.142,3.074,3.188,3.05,2.884,3.081,2.793,3.345,3.39,3.125,2.793,3.312,2.87,3.106,3.125,3.221,3.412,3.436
3-Nov-14,3.071,3.021,3.114,3.01,2.816,3.018,2.712,3.255,3.3,3.044,2.712,3.289,2.806,3.073,3.039,3.118,3.322,3.373
10-Nov-14,3.012,2.966,3.052,2.952,2.801,3.002,2.658,3.175,3.217,2.985,2.658,3.236,2.717,3.023,2.975,3.103,3.227,3.283
17-Nov-14,2.973,2.935,3.008,2.931,2.754,2.96,2.683,3.109,3.151,2.939,2.683,3.205,2.686,2.996,2.935,3.087,3.189,3.203
24-Nov-14,2.904,2.889,2.956,2.888,2.708,2.861,2.592,3.031,3.072,2.882,2.592,3.152,2.636,2.944,2.88,2.982,3.099,3.136
1-Dec-14,2.861,2.864,2.934,2.861,2.68,2.754,2.505,3.004,3.047,2.869,2.505,3.124,2.519,2.913,2.866,2.929,3.08,3.122
8-Dec-14,2.776,2.776,2.838,2.777,2.597,2.636,2.417,2.935,2.979,2.788,2.417,3.021,2.455,2.83,2.782,2.789,3.013,3.03
15-Dec-14,2.667,2.677,2.736,2.68,2.493,2.498,2.292,2.831,2.878,2.693,2.292,2.919,2.351,2.722,2.691,2.652,2.926,2.929
22-Dec-14,2.535,2.565,2.621,2.57,2.375,2.352,2.097,2.698,2.75,2.584,2.097,2.835,2.227,2.615,2.573,2.468,2.771,2.819
29-Dec-14,2.445,2.488,2.542,2.499,2.281,2.169,2.027,2.621,2.68,2.496,2.027,2.759,2.132,2.537,2.489,2.309,2.709,2.753
5-Jan-15,2.378,2.39,2.443,2.398,2.201,2.078,1.93,2.606,2.671,2.41,1.93,2.641,1.997,2.434,2.391,2.173,2.734,2.745
12-Jan-15,2.293,2.284,2.334,2.288,2.121,2.029,1.846,2.531,2.594,2.312,1.846,2.516,1.888,2.305,2.298,2.132,2.629,2.642
19-Jan-15,2.204,2.179,2.203,2.189,2.056,2.021,1.799,2.421,2.484,2.163,1.799,2.411,1.829,2.195,2.155,2.099,2.493,2.575
26-Jan-15,2.174,2.117,2.147,2.117,2.036,2.048,1.851,2.381,2.44,2.109,1.851,2.344,1.801,2.123,2.1,2.109,2.455,2.541
2-Feb-15,2.183,2.102,2.128,2.104,2.018,2.155,1.842,2.389,2.441,2.088,1.842,2.322,1.818,2.116,2.086,2.263,2.459,2.534
9-Feb-15,2.313,2.194,2.176,2.213,2.14,2.267,1.967,2.569,2.627,2.132,1.967,2.391,1.944,2.209,2.131,2.378,2.679,2.682
16-Feb-15,2.416,2.246,2.235,2.263,2.186,2.352,2.053,2.739,2.798,2.194,2.053,2.415,2.001,2.263,2.191,2.457,2.87,2.784
23-Feb-15,2.491,2.299,2.286,2.317,2.237,2.321,2.079,2.892,2.959,2.246,2.079,2.478,2.04,2.31,2.242,2.424,3.081,2.905
2-Mar-15,2.71,2.385,2.388,2.393,2.328,2.43,2.209,3.327,3.418,2.348,2.209,2.554,2.135,2.392,2.347,2.534,3.531,3.409
9-Mar-15,2.739,2.441,2.455,2.45,2.355,2.399,2.222,3.351,3.439,2.415,2.222,2.619,2.162,2.449,2.408,2.473,3.515,3.442
16-Mar-15,2.693,2.416,2.432,2.424,2.326,2.349,2.218,3.271,3.356,2.401,2.218,2.592,2.193,2.431,2.394,2.405,3.426,3.363
23-Mar-15,2.685,2.369,2.377,2.379,2.291,2.671,2.222,3.187,3.267,2.343,2.222,2.567,2.171,2.379,2.33,2.819,3.309,3.282
30-Mar-15,2.658,2.346,2.344,2.357,2.288,2.693,2.217,3.13,3.209,2.303,2.217,2.557,2.2,2.362,2.297,2.846,3.251,3.229
6-Apr-15,2.619,2.336,2.339,2.348,2.257,2.57,2.238,3.071,3.147,2.305,2.238,2.558,2.188,2.354,2.294,2.709,3.193,3.176
13-Apr-15,2.598,2.338,2.327,2.357,2.264,2.512,2.245,3.029,3.102,2.286,2.245,2.541,2.184,2.359,2.278,2.621,3.151,3.149
20-Apr-15,2.679,2.461,2.489,2.472,2.327,2.582,2.274,3.082,3.158,2.447,2.274,2.657,2.221,2.493,2.44,2.692,3.225,3.198
27-Apr-15,2.821,2.546,2.571,2.558,2.406,2.645,2.315,3.346,3.433,2.521,2.315,2.731,2.244,2.57,2.518,2.781,3.558,3.44
4-May-15,2.971,2.624,2.645,2.64,2.481,2.728,2.415,3.616,3.711,2.595,2.415,2.797,2.341,2.644,2.591,2.883,3.809,3.732
11-May-15,2.995,2.649,2.667,2.665,2.513,2.706,2.472,3.643,3.732,2.613,2.472,2.849,2.357,2.678,2.608,2.813,3.856,3.702
18-May-15,3.037,2.662,2.686,2.669,2.555,2.785,2.477,3.717,3.807,2.63,2.477,2.856,2.395,2.685,2.625,2.902,3.987,3.724
25-May-15,3.051,2.695,2.726,2.699,2.59,2.913,2.487,3.671,3.757,2.673,2.487,2.897,2.394,2.711,2.667,3.048,3.925,3.686
1-Jun-15,3.041,2.7,2.725,2.706,2.596,3.002,2.471,3.611,3.693,2.672,2.471,2.893,2.401,2.713,2.666,3.179,3.852,3.63
8-Jun-15,3.014,2.712,2.744,2.715,2.606,2.936,2.571,3.516,3.591,2.699,2.571,2.898,2.475,2.721,2.694,3.087,3.717,3.567
15-Jun-15,3.028,2.761,2.791,2.766,2.647,3.042,2.639,3.441,3.511,2.748,2.639,2.953,2.514,2.785,2.739,3.206,3.617,3.519
22-Jun-15,3.004,2.755,2.811,2.742,2.669,2.981,2.6,3.413,3.48,2.763,2.6,2.92,2.484,2.749,2.761,3.108,3.578,3.491
29-Jun-15,2.985,2.768,2.802,2.769,2.66,2.909,2.566,3.383,3.45,2.754,2.566,2.971,2.473,2.795,2.749,3.011,3.561,3.468
6-Jul-15,2.982,2.764,2.787,2.77,2.668,2.965,2.544,3.367,3.432,2.744,2.544,2.991,2.488,2.8,2.738,3.09,3.532,3.468
13-Jul-15,3.127,2.756,2.776,2.759,2.684,2.947,2.566,3.776,3.88,2.732,2.566,2.975,2.493,2.787,2.726,3.073,4.305,3.55
20-Jul-15,3.098,2.72,2.744,2.719,2.652,2.797,2.52,3.806,3.897,2.703,2.52,2.914,2.471,2.742,2.696,2.937,4.272,3.56
27-Jul-15,3.037,2.684,2.715,2.68,2.616,2.692,2.479,3.726,3.812,2.672,2.479,2.897,2.445,2.703,2.667,2.808,4.137,3.553
3-Aug-15,2.971,2.637,2.656,2.643,2.55,2.6,2.433,3.64,3.724,2.617,2.433,2.865,2.423,2.655,2.608,2.677,3.993,3.514
10-Aug-15,2.888,2.585,2.612,2.588,2.494,2.587,2.372,3.491,3.565,2.575,2.372,2.815,2.37,2.608,2.564,2.682,3.758,3.421
17-Aug-15,2.943,2.543,2.566,2.545,2.465,3.138,2.348,3.504,3.584,2.531,2.348,2.78,2.346,2.561,2.519,3.366,3.815,3.432
24-Aug-15,2.853,2.474,2.498,2.476,2.398,2.969,2.292,3.406,3.483,2.458,2.292,2.68,2.294,2.496,2.447,3.238,3.701,3.33
31-Aug-15,2.727,2.383,2.405,2.384,2.313,2.726,2.214,3.269,3.342,2.36,2.214,2.58,2.209,2.396,2.354,2.945,3.551,3.237
7-Sep-15,2.648,2.339,2.37,2.34,2.244,2.542,2.124,3.192,3.266,2.325,2.124,2.545,2.158,2.348,2.321,2.773,3.449,3.177
14-Sep-15,2.573,2.291,2.331,2.293,2.167,2.459,2.068,3.085,3.155,2.29,2.068,2.492,2.111,2.289,2.288,2.629,3.302,3.083
21-Sep-15,2.518,2.241,2.29,2.239,2.113,2.454,2.016,3.004,3.072,2.256,2.016,2.457,2.032,2.241,2.254,2.625,3.208,3.005
28-Sep-15,2.482,2.208,2.252,2.204,2.104,2.522,1.989,2.925,2.994,2.22,1.989,2.422,1.978,2.201,2.222,2.685,3.114,2.975
5-Oct-15,2.456,2.176,2.222,2.166,2.1,2.506,2.03,2.883,2.949,2.182,2.03,2.354,1.938,2.152,2.185,2.627,3.071,2.937
12-Oct-15,2.448,2.175,2.203,2.173,2.108,2.549,2.024,2.848,2.914,2.159,2.024,2.342,1.982,2.162,2.157,2.712,3.027,2.912
19-Oct-15,2.396,2.153,2.166,2.164,2.062,2.397,1.977,2.796,2.861,2.119,1.977,2.342,1.945,2.156,2.117,2.573,2.948,2.882
26-Oct-15,2.357,2.122,2.146,2.127,2.023,2.295,1.922,2.777,2.847,2.11,1.922,2.318,1.895,2.121,2.108,2.428,2.921,2.856
2-Nov-15,2.337,2.104,2.137,2.103,2.014,2.306,1.891,2.746,2.817,2.099,1.891,2.292,1.86,2.099,2.098,2.412,2.91,2.82
9-Nov-15,2.367,2.161,2.154,2.182,2.072,2.287,1.942,2.755,2.824,2.115,1.942,2.345,1.904,2.162,2.109,2.345,2.917,2.832
16-Nov-15,2.322,2.144,2.148,2.164,2.02,2.128,1.907,2.716,2.78,2.105,1.907,2.313,1.884,2.147,2.1,2.218,2.859,2.807
23-Nov-15,2.258,2.112,2.129,2.133,1.953,1.97,1.836,2.652,2.716,2.099,1.836,2.295,1.829,2.12,2.093,2.029,2.791,2.748
30-Nov-15,2.236,2.106,2.136,2.123,1.937,1.915,1.795,2.628,2.691,2.102,1.795,2.297,1.795,2.117,2.098,1.995,2.759,2.735
7-Dec-15,2.231,2.096,2.12,2.115,1.927,1.93,1.814,2.615,2.679,2.092,1.814,2.275,1.752,2.109,2.083,2.014,2.771,2.686
14-Dec-15,2.214,2.059,2.079,2.078,1.897,2.018,1.782,2.59,2.654,2.049,1.782,2.233,1.755,2.067,2.043,2.125,2.752,2.667
21-Dec-15,2.23,2.044,2.067,2.061,1.886,1.97,1.79,2.665,2.736,2.042,1.79,2.231,1.724,2.051,2.038,2.062,2.883,2.716
28-Dec-15,2.244,2.018,2.044,2.033,1.864,1.956,1.766,2.746,2.825,2.016,1.766,2.211,1.712,2.03,2.013,2.093,3.053,2.739
4-Jan-16,2.25,1.997,2.025,2.009,1.851,1.956,1.752,2.791,2.875,1.994,1.752,2.165,1.722,2.001,1.992,2.06,3.111,2.753
11-Jan-16,2.224,1.975,1.988,1.997,1.822,1.91,1.743,2.76,2.842,1.969,1.743,2.144,1.686,1.98,1.966,2.035,3.065,2.738
18-Jan-16,2.131,1.906,1.934,1.921,1.748,1.812,1.665,2.636,2.712,1.921,1.665,2.075,1.624,1.914,1.915,1.89,2.9,2.648
25-Jan-16,2.076,1.88,1.904,1.897,1.724,1.688,1.627,2.569,2.643,1.893,1.627,2.047,1.597,1.886,1.885,1.773,2.811,2.595
1-Feb-16,2.017,1.85,1.875,1.865,1.702,1.621,1.572,2.48,2.551,1.865,1.572,2.011,1.569,1.857,1.854,1.668,2.727,2.533
8-Feb-16,1.961,1.806,1.827,1.823,1.658,1.529,1.538,2.416,2.486,1.82,1.538,1.973,1.516,1.821,1.808,1.561,2.634,2.486
15-Feb-16,1.904,1.755,1.783,1.762,1.64,1.566,1.502,2.312,2.378,1.77,1.502,1.916,1.471,1.756,1.765,1.595,2.502,2.436
22-Feb-16,1.874,1.737,1.76,1.749,1.601,1.654,1.491,2.223,2.295,1.751,1.491,1.905,1.445,1.744,1.743,1.726,2.37,2.391
29-Feb-16,1.925,1.729,1.754,1.742,1.594,1.764,1.538,2.32,2.406,1.744,1.538,1.892,1.507,1.721,1.734,1.855,2.57,2.396
7-Mar-16,1.964,1.749,1.761,1.762,1.642,1.851,1.603,2.356,2.441,1.746,1.603,1.907,1.537,1.732,1.744,1.95,2.576,2.451
14-Mar-16,2.116,1.871,1.873,1.879,1.825,2.085,1.732,2.52,2.596,1.857,1.732,1.969,1.736,1.833,1.848,2.154,2.744,2.591
21-Mar-16,2.159,1.903,1.905,1.903,1.894,1.996,1.806,2.612,2.681,1.879,1.806,2.006,1.787,1.864,1.872,2.045,2.805,2.67
28-Mar-16,2.255,2,2.023,1.996,1.96,2.078,1.882,2.717,2.782,1.999,1.882,2.094,1.848,1.957,1.995,2.138,2.882,2.793
4-Apr-16,2.271,2.019,2.046,2.016,1.958,2.12,1.905,2.719,2.776,2.008,1.905,2.127,1.842,1.991,2.008,2.206,2.844,2.8
11-Apr-16,2.253,2.032,2.062,2.032,1.94,2.043,1.86,2.695,2.75,2.023,1.86,2.145,1.818,2.014,2.022,2.111,2.807,2.78
18-Apr-16,2.314,2.11,2.142,2.116,1.987,2.162,1.918,2.716,2.771,2.104,1.918,2.227,1.861,2.106,2.104,2.249,2.826,2.822
25-Apr-16,2.335,2.135,2.178,2.138,1.997,2.249,1.911,2.719,2.775,2.151,1.911,2.261,1.863,2.131,2.148,2.376,2.837,2.832
2-May-16,2.391,2.209,2.241,2.216,2.08,2.328,1.959,2.751,2.809,2.214,1.959,2.335,1.934,2.196,2.211,2.439,2.879,2.851
9-May-16,2.384,2.226,2.263,2.228,2.114,2.266,1.962,2.731,2.786,2.243,1.962,2.344,1.942,2.219,2.239,2.333,2.819,2.853
16-May-16,2.392,2.221,2.256,2.226,2.1,2.336,1.973,2.731,2.789,2.23,1.973,2.35,1.949,2.218,2.222,2.421,2.825,2.881
23-May-16,2.435,2.265,2.309,2.262,2.162,2.409,2.078,2.744,2.804,2.278,2.078,2.365,1.991,2.241,2.272,2.499,2.839,2.881
30-May-16,2.461,2.307,2.35,2.303,2.209,2.433,2.087,2.756,2.812,2.319,2.087,2.418,2.05,2.287,2.314,2.537,2.854,2.883
6-Jun-16,2.491,2.311,2.356,2.298,2.248,2.533,2.157,2.781,2.84,2.327,2.157,2.412,2.079,2.284,2.322,2.639,2.894,2.885
13-Jun-16,2.516,2.315,2.363,2.305,2.234,2.652,2.151,2.805,2.864,2.333,2.151,2.421,2.099,2.29,2.331,2.777,2.912,2.929
20-Jun-16,2.484,2.292,2.345,2.279,2.209,2.514,2.103,2.807,2.866,2.316,2.103,2.42,2.07,2.277,2.311,2.645,2.928,2.916
27-Jun-16,2.496,2.288,2.345,2.278,2.185,2.435,2.118,2.866,2.929,2.314,2.118,2.42,2.062,2.283,2.311,2.502,3.015,2.938
4-Jul-16,2.472,2.27,2.327,2.262,2.153,2.352,2.113,2.849,2.91,2.301,2.113,2.412,2.056,2.263,2.298,2.406,2.989,2.944
11-Jul-16,2.426,2.234,2.279,2.231,2.121,2.264,2.067,2.809,2.866,2.247,2.067,2.399,2.008,2.237,2.241,2.326,2.921,2.924
18-Jul-16,2.402,2.194,2.249,2.191,2.052,2.268,2.019,2.8,2.858,2.219,2.019,2.394,1.987,2.207,2.214,2.363,2.904,2.914
25-Jul-16,2.344,2.162,2.209,2.165,2.009,2.132,1.98,2.734,2.792,2.187,1.98,2.368,1.95,2.179,2.178,2.215,2.808,2.864
1-Aug-16,2.302,2.13,2.165,2.139,1.98,2.132,1.936,2.668,2.725,2.144,1.936,2.355,1.911,2.159,2.138,2.224,2.714,2.784
8-Aug-16,2.281,2.097,2.117,2.11,1.965,2.21,1.928,2.621,2.681,2.093,1.928,2.315,1.93,2.125,2.092,2.317,2.668,2.745
15-Aug-16,2.262,2.086,2.095,2.105,1.959,2.198,1.937,2.581,2.643,2.065,1.937,2.304,1.891,2.112,2.064,2.257,2.622,2.71
22-Aug-16,2.312,2.138,2.16,2.15,2.011,2.25,1.963,2.636,2.702,2.132,1.963,2.303,1.931,2.137,2.13,2.356,2.722,2.758
29-Aug-16,2.341,2.171,2.192,2.176,2.08,2.329,1.98,2.647,2.709,2.161,1.98,2.303,1.968,2.153,2.16,2.433,2.739,2.752
5-Sep-16,2.333,2.176,2.191,2.187,2.075,2.227,2.005,2.647,2.706,2.158,2.005,2.313,1.977,2.168,2.163,2.313,2.739,2.743
12-Sep-16,2.336,2.151,2.167,2.162,2.04,2.256,1.947,2.689,2.753,2.132,1.947,2.295,1.941,2.147,2.136,2.367,2.804,2.816
19-Sep-16,2.339,2.172,2.184,2.182,2.082,2.208,1.916,2.701,2.763,2.151,1.916,2.301,1.929,2.156,2.148,2.304,2.794,2.828
26-Sep-16,2.348,2.189,2.186,2.201,2.133,2.236,1.896,2.702,2.764,2.154,1.896,2.308,1.924,2.158,2.154,2.32,2.79,2.819
3-Oct-16,2.375,2.197,2.219,2.199,2.127,2.255,1.96,2.743,2.809,2.194,1.96,2.312,1.948,2.162,2.195,2.363,2.876,2.824
10-Oct-16,2.389,2.211,2.242,2.208,2.141,2.325,1.974,2.738,2.799,2.213,1.974,2.317,1.981,2.18,2.21,2.42,2.847,2.823
17-Oct-16,2.381,2.215,2.238,2.217,2.14,2.235,1.977,2.742,2.805,2.204,1.977,2.324,1.996,2.182,2.208,2.291,2.862,2.815
24-Oct-16,2.386,2.215,2.241,2.219,2.124,2.227,2.052,2.735,2.798,2.202,2.052,2.359,2.003,2.201,2.205,2.274,2.845,2.815
31-Oct-16,2.379,2.207,2.237,2.209,2.106,2.13,2.059,2.758,2.824,2.202,2.059,2.356,1.969,2.2,2.203,2.172,2.914,2.798
7-Nov-16,2.392,2.261,2.243,2.302,2.088,2.137,2.015,2.745,2.809,2.201,2.015,2.382,1.952,2.314,2.198,2.246,2.895,2.782
14-Nov-16,2.349,2.243,2.211,2.293,2.063,2.03,1.976,2.695,2.755,2.176,1.976,2.369,1.933,2.307,2.171,2.14,2.839,2.719
21-Nov-16,2.318,2.212,2.184,2.261,2.029,2.111,1.905,2.635,2.69,2.148,1.905,2.353,1.876,2.273,2.15,2.171,2.757,2.704
28-Nov-16,2.312,2.21,2.179,2.26,2.032,2.143,1.879,2.616,2.672,2.147,1.879,2.354,1.873,2.267,2.147,2.242,2.716,2.697
5-Dec-16,2.356,2.273,2.22,2.329,2.123,2.223,1.938,2.624,2.682,2.188,1.938,2.355,1.908,2.322,2.182,2.299,2.75,2.698
12-Dec-16,2.366,2.295,2.245,2.346,2.156,2.256,1.956,2.61,2.666,2.207,1.956,2.385,1.923,2.345,2.202,2.415,2.714,2.706
19-Dec-16,2.391,2.312,2.267,2.36,2.173,2.298,2.055,2.615,2.67,2.232,2.055,2.415,1.973,2.364,2.226,2.386,2.726,2.715
26-Dec-16,2.426,2.346,2.297,2.399,2.197,2.385,2.052,2.645,2.706,2.256,2.052,2.476,2.008,2.411,2.26,2.507,2.775,2.742
2-Jan-17,2.497,2.41,2.357,2.467,2.246,2.478,2.133,2.712,2.779,2.318,2.133,2.518,2.102,2.468,2.317,2.593,2.86,2.8
9-Jan-17,2.514,2.425,2.367,2.481,2.287,2.445,2.185,2.738,2.804,2.327,2.185,2.532,2.108,2.48,2.325,2.539,2.888,2.82
16-Jan-17,2.486,2.409,2.344,2.471,2.258,2.335,2.13,2.732,2.794,2.291,2.13,2.516,2.082,2.456,2.295,2.432,2.852,2.859
23-Jan-17,2.468,2.39,2.32,2.455,2.23,2.312,2.102,2.722,2.783,2.262,2.102,2.523,2.064,2.449,2.266,2.364,2.841,2.847
30-Jan-17,2.446,2.364,2.298,2.429,2.189,2.229,2.064,2.73,2.791,2.239,2.064,2.506,2.046,2.427,2.245,2.271,2.863,2.842
6-Feb-17,2.446,2.34,2.282,2.4,2.173,2.258,2.022,2.76,2.825,2.228,2.022,2.477,2.036,2.401,2.231,2.296,2.926,2.86
13-Feb-17,2.472,2.34,2.289,2.4,2.156,2.299,2.073,2.804,2.874,2.248,2.073,2.472,2.033,2.395,2.251,2.38,2.979,2.889
20-Feb-17,2.467,2.33,2.28,2.389,2.147,2.248,2.04,2.828,2.898,2.244,2.04,2.456,2.012,2.385,2.242,2.31,2.98,2.918
27-Feb-17,2.484,2.31,2.263,2.366,2.144,2.301,2.039,2.88,2.956,2.23,2.039,2.444,2.016,2.368,2.229,2.351,3.069,2.965
6-Mar-17,2.504,2.3,2.249,2.356,2.145,2.327,2.086,2.922,3,2.209,2.086,2.42,2.024,2.345,2.208,2.42,3.052,3.031
13-Mar-17,2.494,2.301,2.253,2.357,2.129,2.252,2.06,2.927,3.005,2.219,2.06,2.425,2.009,2.344,2.216,2.344,3.037,3.029
20-Mar-17,2.495,2.298,2.257,2.349,2.134,2.305,2.039,2.923,3.001,2.231,2.039,2.422,2.023,2.329,2.223,2.395,3.026,3.049
27-Mar-17,2.499,2.3,2.261,2.346,2.161,2.277,2.096,2.922,2.998,2.233,2.096,2.413,2.04,2.327,2.23,2.369,3.028,3.045
3-Apr-17,2.527,2.33,2.287,2.376,2.207,2.386,2.123,2.919,2.992,2.254,2.123,2.416,2.104,2.346,2.252,2.481,3.013,3.053
10-Apr-17,2.577,2.382,2.318,2.437,2.264,2.492,2.216,2.936,3.008,2.277,2.216,2.471,2.16,2.412,2.275,2.597,3.032,3.05
17-Apr-17,2.602,2.421,2.363,2.474,2.3,2.462,2.309,2.945,3.017,2.335,2.309,2.501,2.235,2.449,2.335,2.557,3.055,3.061
24-Apr-17,2.609,2.435,2.397,2.483,2.28,2.494,2.268,2.948,3.017,2.364,2.268,2.511,2.229,2.461,2.36,2.578,3.054,3.057
1-May-17,2.578,2.415,2.399,2.454,2.244,2.409,2.21,2.933,3.002,2.367,2.21,2.497,2.196,2.442,2.362,2.477,3.03,3.055
8-May-17,2.549,2.386,2.384,2.42,2.208,2.348,2.162,2.919,2.986,2.356,2.162,2.493,2.155,2.422,2.351,2.419,3.021,3.041
15-May-17,2.55,2.366,2.371,2.395,2.188,2.418,2.116,2.936,3.005,2.348,2.116,2.483,2.118,2.403,2.343,2.498,3.036,3.071
22-May-17,2.594,2.387,2.403,2.409,2.22,2.436,2.143,3.018,3.094,2.393,2.143,2.467,2.101,2.399,2.387,2.542,3.092,3.186
29-May-17,2.612,2.414,2.422,2.443,2.232,2.421,2.134,3.048,3.127,2.417,2.134,2.488,2.104,2.432,2.404,2.538,3.101,3.232
5-Jun-17,2.601,2.4,2.407,2.43,2.219,2.377,2.195,3.028,3.104,2.395,2.195,2.488,2.11,2.424,2.382,2.485,3.07,3.197
12-Jun-17,2.554,2.366,2.348,2.409,2.184,2.328,2.154,2.967,3.038,2.313,2.154,2.489,2.096,2.413,2.302,2.392,3.009,3.147
19-Jun-17,2.514,2.33,2.316,2.374,2.131,2.297,2.073,2.93,2.996,2.288,2.073,2.461,2.043,2.38,2.274,2.394,2.972,3.097
26-Jun-17,2.473,2.304,2.299,2.347,2.086,2.216,2.03,2.888,2.953,2.28,2.03,2.436,1.99,2.354,2.265,2.307,2.909,3.065
3-Jul-17,2.464,2.287,2.293,2.325,2.064,2.27,1.968,2.88,2.946,2.265,1.968,2.404,1.949,2.334,2.255,2.366,2.913,3.042
10-Jul-17,2.481,2.296,2.284,2.34,2.091,2.314,2.038,2.882,2.949,2.251,2.038,2.405,1.949,2.343,2.24,2.446,2.92,3.027
17-Jul-17,2.466,2.288,2.269,2.336,2.081,2.294,2.008,2.867,2.934,2.231,2.008,2.41,1.956,2.342,2.219,2.359,2.909,3.022
24-Jul-17,2.495,2.329,2.313,2.373,2.137,2.306,2.094,2.871,2.941,2.277,2.094,2.416,2.005,2.372,2.269,2.359,2.933,3.006
31-Jul-17,2.526,2.363,2.357,2.397,2.192,2.359,2.071,2.907,2.981,2.327,2.071,2.45,2.015,2.391,2.324,2.456,3.003,3.032
7-Aug-17,2.564,2.41,2.382,2.459,2.222,2.397,2.17,2.915,2.989,2.348,2.17,2.497,2.091,2.453,2.341,2.437,3.006,3.045
14-Aug-17,2.558,2.395,2.375,2.439,2.207,2.366,2.132,2.939,3.014,2.344,2.132,2.481,2.099,2.436,2.334,2.461,3.031,3.06
21-Aug-17,2.543,2.371,2.36,2.413,2.177,2.32,2.091,2.951,3.028,2.331,2.091,2.471,2.068,2.41,2.322,2.342,3.047,3.065
28-Aug-17,2.561,2.38,2.389,2.41,2.189,2.362,2.146,2.959,3.035,2.376,2.146,2.469,2.082,2.412,2.361,2.469,3.072,3.068
4-Sep-17,2.835,2.76,2.752,2.804,2.541,2.599,2.562,3.087,3.164,2.735,2.562,2.816,2.432,2.791,2.732,2.61,3.19,3.179
11-Sep-17,2.842,2.764,2.768,2.803,2.545,2.607,2.521,3.108,3.186,2.745,2.521,2.828,2.431,2.803,2.745,2.693,3.216,3.226
18-Sep-17,2.791,2.72,2.743,2.75,2.491,2.467,2.454,3.089,3.163,2.734,2.454,2.792,2.394,2.763,2.728,2.543,3.161,3.226
25-Sep-17,2.74,2.658,2.712,2.672,2.431,2.347,2.409,3.07,3.143,2.714,2.409,2.736,2.38,2.688,2.706,2.424,3.115,3.203
2-Oct-17,2.715,2.61,2.677,2.617,2.381,2.434,2.358,3.042,3.111,2.682,2.358,2.679,2.351,2.635,2.674,2.548,3.073,3.188
9-Oct-17,2.668,2.555,2.619,2.563,2.332,2.383,2.267,3.016,3.083,2.628,2.267,2.627,2.281,2.583,2.625,2.462,3.055,3.161
16-Oct-17,2.648,2.513,2.594,2.515,2.276,2.435,2.202,3.009,3.077,2.601,2.202,2.589,2.203,2.537,2.593,2.544,3.067,3.145
23-Oct-17,2.632,2.494,2.575,2.498,2.248,2.452,2.153,2.996,3.064,2.587,2.153,2.568,2.173,2.514,2.576,2.608,3.067,3.125
30-Oct-17,2.652,2.507,2.563,2.515,2.303,2.54,2.174,2.999,3.066,2.567,2.174,2.562,2.138,2.519,2.557,2.66,3.091,3.1
6-Nov-17,2.754,2.547,2.567,2.574,2.34,2.735,2.209,3.159,3.243,2.563,2.209,2.616,2.174,2.564,2.555,2.859,3.334,3.271
13-Nov-17,2.777,2.589,2.601,2.623,2.374,2.645,2.265,3.189,3.275,2.589,2.265,2.643,2.199,2.615,2.577,2.78,3.363,3.283
20-Nov-17,2.753,2.577,2.596,2.61,2.35,2.668,2.219,3.142,3.222,2.589,2.219,2.633,2.183,2.604,2.58,2.772,3.245,3.255
27-Nov-17,2.719,2.568,2.587,2.599,2.342,2.519,2.184,3.122,3.2,2.577,2.184,2.626,2.159,2.601,2.571,2.611,3.216,3.233
4-Dec-17,2.689,2.556,2.581,2.584,2.331,2.414,2.2,3.086,3.16,2.563,2.2,2.627,2.155,2.593,2.561,2.483,3.169,3.232
11-Dec-17,2.661,2.523,2.555,2.548,2.301,2.445,2.149,3.047,3.12,2.537,2.149,2.582,2.125,2.556,2.535,2.529,3.12,3.207
18-Dec-17,2.642,2.501,2.531,2.527,2.272,2.445,2.102,3.034,3.106,2.518,2.102,2.551,2.098,2.529,2.517,2.566,3.094,3.186
25-Dec-17,2.658,2.485,2.512,2.51,2.274,2.561,2.098,3.056,3.133,2.494,2.098,2.539,2.13,2.5,2.489,2.678,3.179,3.182
1-Jan-18,2.697,2.545,2.535,2.59,2.33,2.577,2.176,3.067,3.148,2.521,2.176,2.609,2.161,2.57,2.516,2.706,3.213,3.183
8-Jan-18,2.716,2.562,2.556,2.607,2.338,2.54,2.179,3.114,3.199,2.548,2.179,2.604,2.19,2.589,2.541,2.658,3.301,3.206
15-Jan-18,2.735,2.569,2.547,2.616,2.376,2.614,2.248,3.112,3.196,2.528,2.248,2.606,2.209,2.588,2.525,2.726,3.282,3.193
22-Jan-18,2.744,2.595,2.564,2.647,2.404,2.525,2.29,3.127,3.209,2.537,2.29,2.645,2.235,2.627,2.534,2.617,3.33,3.201
29-Jan-18,2.797,2.636,2.596,2.69,2.451,2.57,2.308,3.208,3.296,2.564,2.308,2.703,2.268,2.682,2.564,2.637,3.434,3.269
5-Feb-18,2.832,2.66,2.63,2.713,2.456,2.586,2.288,3.278,3.37,2.6,2.288,2.719,2.285,2.71,2.596,2.662,3.481,3.367
12-Feb-18,2.806,2.647,2.636,2.69,2.441,2.494,2.242,3.267,3.358,2.621,2.242,2.702,2.255,2.691,2.619,2.571,3.458,3.347
19-Feb-18,2.77,2.61,2.597,2.656,2.397,2.405,2.185,3.257,3.349,2.584,2.185,2.669,2.204,2.657,2.58,2.487,3.462,3.348
26-Feb-18,2.77,2.583,2.577,2.624,2.374,2.486,2.163,3.266,3.36,2.554,2.163,2.648,2.174,2.622,2.554,2.538,3.457,3.387
5-Mar-18,2.767,2.566,2.56,2.606,2.369,2.466,2.224,3.264,3.356,2.536,2.224,2.634,2.214,2.601,2.539,2.549,3.457,3.397
12-Mar-18,2.777,2.555,2.55,2.591,2.371,2.467,2.245,3.299,3.392,2.531,2.245,2.615,2.202,2.581,2.529,2.58,3.49,3.442
19-Mar-18,2.817,2.565,2.551,2.598,2.427,2.588,2.301,3.338,3.431,2.532,2.301,2.627,2.279,2.579,2.528,2.737,3.519,3.487
26-Mar-18,2.871,2.63,2.579,2.674,2.529,2.579,2.377,3.395,3.487,2.551,2.377,2.689,2.36,2.646,2.548,2.742,3.563,3.53
2-Apr-18,2.927,2.67,2.631,2.713,2.545,2.684,2.423,3.455,3.541,2.609,2.423,2.748,2.412,2.687,2.61,2.785,3.595,3.576
9-Apr-18,2.918,2.67,2.633,2.713,2.538,2.677,2.388,3.443,3.522,2.609,2.388,2.721,2.392,2.691,2.608,2.807,3.555,3.594
16-Apr-18,2.963,2.715,2.685,2.757,2.576,2.728,2.466,3.475,3.553,2.662,2.466,2.805,2.452,2.744,2.654,2.81,3.576,3.651
23-Apr-18,3.014,2.785,2.754,2.834,2.604,2.796,2.528,3.495,3.567,2.728,2.528,2.926,2.483,2.841,2.721,2.9,3.6,3.66
30-Apr-18,3.068,2.841,2.808,2.889,2.677,2.857,2.598,3.538,3.609,2.764,2.598,2.956,2.513,2.907,2.755,2.93,3.644,3.695
7-May-18,3.078,2.856,2.838,2.898,2.679,2.871,2.545,3.564,3.632,2.789,2.545,2.97,2.511,2.923,2.777,2.987,3.648,3.71
14-May-18,3.055,2.883,2.873,2.927,2.695,2.981,2.634,3.496,3.599,2.833,2.634,2.974,2.609,2.944,2.833,3.032,3.622,3.652
21-May-18,3.109,2.939,2.944,2.977,2.739,3.065,2.73,3.525,3.618,2.908,2.73,3.037,2.721,3,2.895,3.15,3.635,3.676
28-May-18,3.142,2.974,2.979,3.005,2.808,3.114,2.753,3.552,3.636,2.96,2.753,3.049,2.769,3.013,2.949,3.192,3.653,3.687
4-Jun-18,3.131,2.948,2.971,2.971,2.768,3.103,2.792,3.548,3.632,2.952,2.792,3.035,2.745,2.981,2.931,3.203,3.645,3.687
11-Jun-18,3.099,2.914,2.922,2.95,2.718,3.018,2.744,3.541,3.618,2.91,2.744,3.029,2.722,2.968,2.891,3.088,3.629,3.681
18-Jun-18,3.064,2.873,2.897,2.9,2.679,2.999,2.685,3.518,3.591,2.884,2.685,2.978,2.689,2.92,2.86,3.059,3.593,3.663
25-Jun-18,3.018,2.838,2.875,2.864,2.612,2.878,2.64,3.489,3.562,2.871,2.64,2.928,2.661,2.881,2.858,2.916,3.554,3.634
2-Jul-18,3.019,2.843,2.881,2.872,2.594,2.933,2.625,3.47,3.546,2.875,2.625,2.94,2.664,2.895,2.869,2.984,3.539,3.635
9-Jul-18,3.034,2.857,2.887,2.883,2.645,2.943,2.667,3.473,3.55,2.877,2.667,2.932,2.662,2.898,2.869,3.032,3.537,3.636
16-Jul-18,3.023,2.863,2.885,2.899,2.628,2.953,2.602,3.451,3.535,2.885,2.602,2.951,2.642,2.906,2.884,2.999,3.523,3.629
23-Jul-18,2.994,2.844,2.875,2.87,2.629,2.873,2.564,3.427,3.514,2.875,2.564,2.911,2.614,2.871,2.874,2.913,3.503,3.608
30-Jul-18,3.006,2.853,2.882,2.885,2.62,2.905,2.601,3.416,3.505,2.876,2.601,2.92,2.595,2.899,2.872,2.94,3.501,3.572
6-Aug-18,3.004,2.862,2.887,2.892,2.652,2.904,2.568,3.41,3.501,2.876,2.568,2.908,2.588,2.888,2.869,2.979,3.505,3.567
13-Aug-18,2.993,2.853,2.879,2.886,2.626,2.892,2.556,3.396,3.491,2.875,2.556,2.91,2.595,2.885,2.869,2.956,3.487,3.549
20-Aug-18,2.964,2.837,2.862,2.867,2.628,2.836,2.528,3.366,3.462,2.863,2.528,2.906,2.555,2.87,2.854,2.864,3.46,3.523
27-Aug-18,2.969,2.828,2.851,2.861,2.612,2.847,2.556,3.375,3.471,2.843,2.556,2.895,2.547,2.87,2.834,2.902,3.461,3.528
3-Sep-18,2.964,2.824,2.853,2.856,2.586,2.82,2.499,3.399,3.498,2.844,2.499,2.885,2.513,2.862,2.839,2.85,3.502,3.547
10-Sep-18,2.98,2.841,2.86,2.879,2.604,2.848,2.564,3.407,3.513,2.846,2.564,2.89,2.497,2.872,2.839,2.918,3.515,3.554
17-Sep-18,2.991,2.842,2.87,2.88,2.594,2.884,2.536,3.418,3.52,2.846,2.536,2.91,2.492,2.881,2.839,2.955,3.512,3.575
24-Sep-18,2.982,2.817,2.856,2.848,2.56,2.911,2.52,3.426,3.527,2.834,2.52,2.88,2.509,2.85,2.825,2.983,3.519,3.578
1-Oct-18,3.014,2.821,2.857,2.851,2.578,2.902,2.566,3.513,3.624,2.842,2.566,2.885,2.534,2.864,2.827,2.959,3.646,3.662
8-Oct-18,3.057,2.855,2.868,2.886,2.666,2.931,2.575,3.59,3.707,2.848,2.575,2.928,2.578,2.898,2.831,2.996,3.733,3.737
15-Oct-18,3.034,2.832,2.852,2.862,2.632,2.842,2.591,3.591,3.708,2.823,2.591,2.911,2.572,2.881,2.799,2.888,3.73,3.752
22-Oct-18,3.005,2.806,2.835,2.836,2.58,2.742,2.537,3.592,3.709,2.823,2.537,2.893,2.534,2.863,2.804,2.786,3.721,3.758
29-Oct-18,2.975,2.767,2.811,2.791,2.523,2.754,2.463,3.57,3.683,2.804,2.463,2.868,2.471,2.829,2.789,2.835,3.701,3.722
5-Nov-18,2.927,2.72,2.778,2.735,2.48,2.692,2.39,3.535,3.644,2.782,2.39,2.845,2.418,2.789,2.77,2.753,3.645,3.71
12-Nov-18,2.86,2.652,2.732,2.653,2.419,2.603,2.304,3.48,3.582,2.729,2.304,2.766,2.345,2.712,2.729,2.659,3.574,3.649
19-Nov-18,2.793,2.596,2.684,2.598,2.33,2.473,2.24,3.429,3.526,2.692,2.24,2.72,2.309,2.664,2.704,2.513,3.52,3.568
26-Nov-18,2.736,2.564,2.656,2.565,2.289,2.383,2.129,3.381,3.478,2.667,2.129,2.682,2.222,2.623,2.68,2.426,3.47,3.535
3-Dec-18,2.665,2.503,2.597,2.502,2.239,2.263,2.048,3.312,3.399,2.63,2.048,2.645,2.145,2.571,2.642,2.301,3.381,3.457
10-Dec-18,2.622,2.465,2.563,2.462,2.196,2.292,1.999,3.235,3.318,2.606,1.999,2.587,2.082,2.515,2.625,2.361,3.293,3.415
17-Dec-18,2.583,2.434,2.528,2.438,2.146,2.22,1.985,3.19,3.271,2.565,1.985,2.572,2.025,2.488,2.58,2.265,3.24,3.402
24-Dec-18,2.54,2.387,2.478,2.4,2.074,2.158,1.933,3.168,3.253,2.527,1.933,2.535,1.988,2.448,2.559,2.219,3.245,3.397
31-Dec-18,2.496,2.349,2.439,2.361,2.033,2.072,1.891,3.135,3.219,2.483,1.891,2.471,1.954,2.409,2.512,2.125,3.211,3.376
7-Jan-19,2.465,2.316,2.393,2.344,1.969,2.07,1.851,3.099,3.183,2.435,1.851,2.456,1.919,2.398,2.447,2.118,3.157,3.348
14-Jan-19,2.466,2.311,2.367,2.341,2.01,2.095,1.896,3.073,3.161,2.41,1.896,2.427,1.919,2.377,2.425,2.152,3.13,3.295
21-Jan-19,2.468,2.317,2.36,2.348,2.045,2.141,1.874,3.059,3.148,2.403,1.874,2.409,1.922,2.377,2.429,2.186,3.137,3.26
28-Jan-19,2.458,2.311,2.355,2.337,2.071,2.096,1.947,3.032,3.13,2.392,1.947,2.388,1.958,2.358,2.413,2.139,3.112,3.244
4-Feb-19,2.451,2.288,2.32,2.321,2.046,2.176,1.904,3.026,3.131,2.365,1.904,2.375,1.949,2.337,2.388,2.233,3.128,3.228
11-Feb-19,2.466,2.274,2.298,2.313,2.031,2.262,1.959,3.043,3.155,2.332,1.959,2.357,1.975,2.323,2.366,2.293,3.166,3.249
18-Feb-19,2.502,2.311,2.31,2.355,2.117,2.3,2.07,3.044,3.161,2.323,2.07,2.333,2.011,2.345,2.347,2.361,3.18,3.241
25-Feb-19,2.56,2.38,2.374,2.424,2.191,2.43,2.089,3.065,3.184,2.368,2.089,2.446,2.092,2.43,2.386,2.502,3.199,3.234
4-Mar-19,2.574,2.39,2.386,2.431,2.211,2.413,2.16,3.075,3.195,2.376,2.16,2.446,2.134,2.441,2.393,2.468,3.201,3.257
11-Mar-19,2.625,2.441,2.418,2.493,2.267,2.481,2.233,3.109,3.223,2.397,2.233,2.514,2.217,2.502,2.402,2.556,3.216,3.288
18-Mar-19,2.7,2.513,2.472,2.572,2.352,2.623,2.323,3.153,3.264,2.448,2.323,2.594,2.326,2.573,2.453,2.689,3.245,3.343
25-Mar-19,2.793,2.579,2.532,2.64,2.43,2.713,2.423,3.282,3.389,2.513,2.423,2.635,2.407,2.637,2.524,2.769,3.388,3.439
1-Apr-19,2.863,2.599,2.56,2.652,2.465,2.805,2.499,3.428,3.529,2.542,2.499,2.661,2.455,2.65,2.554,2.891,3.541,3.551
8-Apr-19,2.949,2.638,2.585,2.693,2.53,2.897,2.49,3.601,3.718,2.557,2.49,2.714,2.501,2.698,2.571,2.983,3.752,3.736
15-Apr-19,3.052,2.706,2.642,2.763,2.617,2.9,2.596,3.785,3.922,2.626,2.596,2.788,2.586,2.772,2.639,2.977,3.948,3.935
22-Apr-19,3.097,2.769,2.734,2.819,2.628,2.973,2.576,3.821,3.948,2.717,2.576,2.841,2.589,2.839,2.724,3.071,3.956,3.958
29-Apr-19,3.156,2.848,2.822,2.902,2.673,3.019,2.653,3.859,3.982,2.798,2.653,2.944,2.611,2.924,2.799,3.113,3.974,4.032
6-May-19,3.171,2.859,2.863,2.9,2.664,3.063,2.608,3.886,4.006,2.838,2.608,2.96,2.612,2.927,2.841,3.154,3.987,4.049
13-May-19,3.149,2.838,2.843,2.881,2.631,3.103,2.553,3.853,3.968,2.826,2.553,2.959,2.589,2.915,2.83,3.224,3.93,4.017
20-May-19,3.129,2.825,2.833,2.865,2.623,3.026,2.598,3.821,3.934,2.813,2.598,2.942,2.58,2.896,2.809,3.146,3.887,3.987
27-May-19,3.094,2.803,2.814,2.84,2.605,3.023,2.512,3.773,3.878,2.796,2.512,2.886,2.549,2.851,2.797,3.142,3.831,3.992
3-Jun-19,3.058,2.766,2.781,2.803,2.558,3.029,2.452,3.729,3.83,2.772,2.452,2.863,2.517,2.82,2.772,3.148,3.789,3.906
10-Jun-19,2.976,2.708,2.725,2.744,2.496,2.874,2.369,3.648,3.745,2.716,2.369,2.818,2.455,2.773,2.741,2.969,3.709,3.813
17-Jun-19,2.923,2.666,2.675,2.709,2.447,2.772,2.371,3.575,3.678,2.682,2.371,2.781,2.38,2.74,2.696,2.844,3.644,3.74
24-Jun-19,2.896,2.647,2.662,2.687,2.424,2.845,2.304,3.513,3.613,2.658,2.304,2.729,2.334,2.713,2.676,2.931,3.579,3.669
1-Jul-19,2.938,2.699,2.691,2.757,2.459,2.917,2.383,3.514,3.621,2.681,2.383,2.798,2.372,2.774,2.7,3.038,3.6,3.675
8-Jul-19,2.956,2.707,2.696,2.761,2.492,2.94,2.474,3.514,3.627,2.687,2.474,2.789,2.423,2.765,2.708,3.076,3.612,3.683
15-Jul-19,2.987,2.739,2.73,2.787,2.548,3.128,2.468,3.49,3.605,2.71,2.468,2.821,2.47,2.794,2.723,3.273,3.586,3.658
22-Jul-19,2.959,2.72,2.716,2.766,2.517,3.001,2.529,3.456,3.569,2.699,2.529,2.82,2.484,2.784,2.709,3.093,3.547,3.621
29-Jul-19,2.928,2.699,2.703,2.748,2.468,2.946,2.464,3.436,3.551,2.695,2.464,2.795,2.453,2.764,2.714,3.072,3.526,3.617
5-Aug-19,2.902,2.684,2.688,2.732,2.454,2.876,2.416,3.423,3.537,2.681,2.416,2.788,2.43,2.746,2.697,2.961,3.518,3.599
12-Aug-19,2.839,2.643,2.658,2.686,2.409,2.697,2.339,3.383,3.487,2.671,2.339,2.755,2.383,2.705,2.695,2.78,3.456,3.53
19-Aug-19,2.807,2.608,2.632,2.649,2.359,2.684,2.269,3.361,3.463,2.65,2.269,2.729,2.365,2.679,2.679,2.765,3.431,3.514
26-Aug-19,2.797,2.584,2.61,2.62,2.328,2.679,2.3,3.351,3.44,2.635,2.3,2.716,2.322,2.655,2.662,2.801,3.404,3.476
2-Sep-19,2.782,2.546,2.585,2.574,2.295,2.644,2.236,3.396,3.491,2.611,2.236,2.668,2.286,2.611,2.641,2.756,3.473,3.51
9-Sep-19,2.765,2.517,2.545,2.549,2.275,2.564,2.286,3.399,3.494,2.556,2.286,2.646,2.281,2.591,2.576,2.673,3.492,3.497
16-Sep-19,2.763,2.506,2.545,2.532,2.264,2.625,2.239,3.4,3.496,2.555,2.239,2.576,2.271,2.547,2.565,2.744,3.498,3.499
23-Sep-19,2.852,2.552,2.557,2.591,2.342,2.746,2.368,3.518,3.613,2.565,2.368,2.603,2.338,2.581,2.57,2.863,3.621,3.655
30-Sep-19,2.907,2.53,2.553,2.563,2.293,2.625,2.297,3.811,3.953,2.574,2.297,2.591,2.294,2.56,2.585,2.728,3.987,3.963
7-Oct-19,2.929,2.501,2.522,2.536,2.265,2.671,2.226,3.929,4.091,2.554,2.226,2.569,2.257,2.542,2.564,2.809,4.098,4.1
14-Oct-19,2.919,2.491,2.519,2.518,2.263,2.663,2.185,3.927,4.089,2.55,2.185,2.531,2.227,2.514,2.558,2.816,4.081,4.123
21-Oct-19,2.91,2.502,2.525,2.531,2.283,2.619,2.253,3.876,4.03,2.544,2.253,2.525,2.21,2.517,2.554,2.715,3.998,4.072
28-Oct-19,2.871,2.499,2.521,2.53,2.272,2.555,2.194,3.803,3.948,2.542,2.194,2.543,2.181,2.522,2.552,2.67,3.912,3.972
4-Nov-19,2.866,2.516,2.528,2.555,2.281,2.508,2.168,3.803,3.953,2.543,2.168,2.558,2.163,2.55,2.554,2.602,3.935,3.993
11-Nov-19,2.879,2.524,2.535,2.565,2.275,2.516,2.244,3.787,3.921,2.545,2.244,2.584,2.194,2.556,2.547,2.618,3.901,3.957
18-Nov-19,2.851,2.506,2.529,2.543,2.26,2.577,2.174,3.725,3.847,2.537,2.174,2.573,2.173,2.539,2.535,2.681,3.832,3.852
25-Nov-19,2.817,2.5,2.53,2.529,2.27,2.494,2.222,3.64,3.753,2.532,2.222,2.546,2.177,2.524,2.531,2.615,3.747,3.773
2-Dec-19,2.775,2.498,2.534,2.523,2.275,2.489,2.182,3.567,3.674,2.533,2.182,2.541,2.156,2.525,2.534,2.565,3.659,3.733
9-Dec-19,2.745,2.482,2.522,2.505,2.253,2.546,2.135,3.484,3.58,2.531,2.135,2.536,2.159,2.513,2.532,2.635,3.56,3.599
16-Dec-19,2.73,2.478,2.52,2.502,2.245,2.508,2.209,3.423,3.508,2.528,2.209,2.532,2.167,2.512,2.529,2.605,3.515,3.527
23-Dec-19,2.718,2.493,2.516,2.528,2.254,2.517,2.171,3.376,3.457,2.526,2.171,2.583,2.163,2.552,2.528,2.604,3.461,3.496
30-Dec-19,2.751,2.525,2.554,2.544,2.354,2.533,2.264,3.361,3.438,2.558,2.264,2.571,2.208,2.559,2.543,2.611,3.454,3.475
6-Jan-20,2.761,2.559,2.569,2.595,2.353,2.535,2.228,3.354,3.428,2.565,2.228,2.617,2.214,2.598,2.55,2.644,3.436,3.462
13-Jan-20,2.762,2.552,2.556,2.591,2.347,2.579,2.24,3.345,3.419,2.56,2.24,2.616,2.216,2.595,2.543,2.695,3.424,3.452
20-Jan-20,2.731,2.523,2.544,2.55,2.325,2.524,2.174,3.335,3.408,2.554,2.174,2.583,2.192,2.568,2.536,2.605,3.408,3.447
27-Jan-20,2.706,2.488,2.517,2.511,2.297,2.52,2.147,3.317,3.388,2.542,2.147,2.545,2.174,2.526,2.519,2.634,3.393,3.445
3-Feb-20,2.664,2.442,2.477,2.465,2.229,2.467,2.081,3.302,3.371,2.515,2.081,2.491,2.14,2.483,2.5,2.552,3.375,3.451
10-Feb-20,2.624,2.409,2.46,2.422,2.199,2.41,2.03,3.293,3.366,2.492,2.03,2.449,2.094,2.45,2.48,2.501,3.386,3.425
17-Feb-20,2.626,2.402,2.444,2.42,2.198,2.462,2.033,3.285,3.358,2.465,2.033,2.438,2.051,2.434,2.455,2.541,3.393,3.407
24-Feb-20,2.666,2.439,2.461,2.468,2.231,2.544,2.103,3.287,3.36,2.478,2.103,2.44,2.103,2.461,2.469,2.645,3.406,3.389
2-Mar-20,2.639,2.402,2.433,2.43,2.177,2.518,2.07,3.275,3.353,2.454,2.07,2.425,2.092,2.432,2.445,2.633,3.396,3.391
9-Mar-20,2.597,2.36,2.398,2.385,2.13,2.408,2.014,3.247,3.325,2.42,2.014,2.399,2.045,2.389,2.426,2.511,3.334,3.358
16-Mar-20,2.483,2.254,2.263,2.292,2.043,2.2,1.944,3.149,3.222,2.303,1.944,2.301,2.002,2.296,2.303,2.287,3.244,3.23
23-Mar-20,2.361,2.163,2.15,2.213,1.953,2.072,1.805,2.994,3.066,2.175,1.805,2.244,1.86,2.234,2.17,2.156,3.084,3.064
30-Mar-20,2.26,2.073,2.024,2.138,1.882,1.95,1.704,2.879,2.953,2.054,1.704,2.175,1.776,2.164,2.044,2.05,2.96,2.961
6-Apr-20,2.185,2.014,1.943,2.09,1.842,1.867,1.589,2.797,2.872,1.975,1.589,2.143,1.717,2.112,1.994,1.955,2.89,2.924
13-Apr-20,2.106,1.971,1.893,2.049,1.812,1.801,1.469,2.682,2.751,1.906,1.469,2.098,1.609,2.067,1.923,1.908,2.768,2.848
20-Apr-20,2.068,1.939,1.864,2.012,1.802,1.775,1.434,2.627,2.7,1.869,1.434,2.054,1.568,2.023,1.889,1.887,2.703,2.786
27-Apr-20,2.025,1.902,1.84,1.966,1.77,1.733,1.412,2.574,2.652,1.849,1.412,2.001,1.542,1.974,1.883,1.844,2.662,2.725
4-May-20,2.02,1.887,1.832,1.949,1.747,1.81,1.391,2.554,2.635,1.844,1.391,1.98,1.519,1.96,1.888,1.917,2.633,2.735
11-May-20,2.069,1.912,1.867,1.975,1.741,2.046,1.423,2.564,2.65,1.879,1.423,2.06,1.526,2.005,1.925,2.188,2.647,2.745
18-May-20,2.095,1.922,1.882,1.983,1.744,2.063,1.503,2.596,2.688,1.903,1.503,2.064,1.512,2.014,1.935,2.208,2.689,2.777
25-May-20,2.153,1.956,1.937,2.005,1.774,2.176,1.522,2.68,2.766,1.953,1.522,2.066,1.574,2.017,1.976,2.302,2.751,2.862
1-Jun-20,2.169,1.969,1.94,2.028,1.773,2.17,1.554,2.71,2.798,1.961,1.554,2.066,1.597,2.022,1.981,2.306,2.779,2.891
8-Jun-20,2.226,2.018,1.994,2.068,1.848,2.243,1.588,2.763,2.855,1.999,1.588,2.102,1.604,2.065,2.025,2.337,2.844,2.926
15-Jun-20,2.272,2.045,2.028,2.091,1.869,2.257,1.748,2.806,2.891,2.013,1.748,2.106,1.739,2.075,2.017,2.34,2.873,2.968
22-Jun-20,2.303,2.082,2.05,2.129,1.947,2.258,1.789,2.847,2.939,2.037,1.789,2.139,1.795,2.113,2.049,2.332,2.929,2.991
29-Jun-20,2.346,2.115,2.094,2.164,1.955,2.29,1.856,2.878,2.963,2.078,1.856,2.149,1.844,2.132,2.083,2.372,2.958,3.021
6-Jul-20,2.344,2.118,2.094,2.167,1.962,2.276,1.838,2.892,2.981,2.083,1.838,2.153,1.847,2.129,2.086,2.357,2.963,3.05
13-Jul-20,2.372,2.137,2.11,2.184,2.001,2.312,1.867,2.928,3.022,2.086,1.867,2.152,1.853,2.135,2.078,2.398,3.007,3.092
20-Jul-20,2.373,2.136,2.113,2.18,2.001,2.291,1.88,2.936,3.031,2.094,1.88,2.14,1.855,2.125,2.088,2.37,3.015,3.102
27-Jul-20,2.369,2.136,2.108,2.182,2.002,2.281,1.845,2.95,3.049,2.089,1.845,2.128,1.842,2.119,2.084,2.359,3.033,3.156
3-Aug-20,2.37,2.13,2.107,2.173,1.996,2.266,1.846,2.958,3.058,2.09,1.846,2.128,1.831,2.105,2.083,2.345,3.041,3.188
10-Aug-20,2.354,2.121,2.102,2.164,1.98,2.263,1.782,2.953,3.054,2.088,1.782,2.112,1.805,2.099,2.082,2.353,3.028,3.176
17-Aug-20,2.359,2.12,2.101,2.162,1.977,2.234,1.842,2.963,3.067,2.085,1.842,2.105,1.817,2.093,2.086,2.319,3.04,3.2
24-Aug-20,2.378,2.13,2.108,2.165,2.029,2.264,1.882,2.984,3.092,2.082,1.882,2.105,1.802,2.101,2.087,2.33,3.058,3.239
31-Aug-20,2.411,2.203,2.149,2.255,2.121,2.285,1.873,2.988,3.1,2.132,1.873,2.193,1.827,2.192,2.123,2.357,3.065,3.228
7-Sep-20,2.405,2.188,2.138,2.24,2.092,2.265,1.883,2.992,3.106,2.106,1.883,2.181,1.841,2.175,2.092,2.354,3.067,3.232
14-Sep-20,2.383,2.165,2.116,2.212,2.082,2.231,1.839,2.988,3.102,2.096,1.839,2.126,1.826,2.132,2.094,2.329,3.062,3.238
21-Sep-20,2.365,2.142,2.108,2.179,2.071,2.236,1.803,2.973,3.086,2.09,1.803,2.095,1.82,2.107,2.093,2.316,3.053,3.208
28-Sep-20,2.346,2.131,2.101,2.162,2.072,2.205,1.8,2.954,3.069,2.079,1.8,2.087,1.769,2.088,2.087,2.309,3.043,3.203
5-Oct-20,2.349,2.144,2.087,2.195,2.066,2.203,1.777,2.947,3.061,2.064,1.777,2.08,1.767,2.12,2.075,2.301,3.027,3.208
12-Oct-20,2.35,2.159,2.095,2.218,2.067,2.179,1.799,2.935,3.049,2.07,1.799,2.084,1.753,2.126,2.079,2.267,3.022,3.193
19-Oct-20,2.338,2.155,2.085,2.215,2.067,2.153,1.76,2.932,3.047,2.06,1.76,2.081,1.739,2.134,2.069,2.233,3.019,3.18
26-Oct-20,2.34,2.139,2.079,2.192,2.059,2.159,1.793,2.936,3.051,2.053,1.793,2.067,1.721,2.104,2.062,2.249,3.016,3.199
2-Nov-20,2.314,2.119,2.069,2.165,2.046,2.127,1.731,2.918,3.033,2.041,1.731,2.04,1.696,2.068,2.055,2.223,2.986,3.182
9-Nov-20,2.3,2.101,2.066,2.14,2.019,2.132,1.688,2.915,3.029,2.04,1.688,2.043,1.695,2.059,2.049,2.237,2.981,3.188
16-Nov-20,2.312,2.125,2.068,2.175,2.053,2.104,1.739,2.91,3.027,2.046,1.739,2.049,1.697,2.09,2.044,2.203,2.97,3.185
23-Nov-20,2.305,2.121,2.056,2.176,2.049,2.091,1.725,2.905,3.025,2.037,1.725,2.057,1.686,2.093,2.037,2.172,2.957,3.171
30-Nov-20,2.329,2.175,2.08,2.241,2.116,2.091,1.727,2.91,3.032,2.05,1.727,2.059,1.709,2.136,2.051,2.171,2.969,3.178
7-Dec-20,2.355,2.187,2.103,2.25,2.12,2.156,1.807,2.918,3.041,2.076,1.807,2.071,1.747,2.141,2.072,2.241,2.984,3.197
14-Dec-20,2.361,2.209,2.134,2.269,2.125,2.142,1.793,2.918,3.04,2.121,1.793,2.101,1.754,2.17,2.129,2.216,2.992,3.195
21-Dec-20,2.41,2.255,2.178,2.323,2.14,2.224,1.899,2.934,3.06,2.172,1.899,2.197,1.833,2.239,2.174,2.28,3.018,3.211
28-Dec-20,2.423,2.253,2.198,2.311,2.126,2.293,1.885,2.955,3.085,2.191,1.885,2.179,1.839,2.222,2.193,2.388,3.046,3.232
4-Jan-21,2.437,2.282,2.226,2.346,2.127,2.282,1.875,2.97,3.1,2.215,1.875,2.205,1.846,2.265,2.209,2.363,3.063,3.244
11-Jan-21,2.498,2.341,2.273,2.411,2.194,2.341,1.965,3.021,3.145,2.268,1.965,2.26,1.952,2.335,2.272,2.42,3.107,3.281
18-Jan-21,2.579,2.415,2.35,2.48,2.286,2.406,2.112,3.092,3.213,2.334,2.112,2.37,2.06,2.434,2.324,2.489,3.186,3.331
25-Jan-21,2.593,2.431,2.368,2.495,2.3,2.427,2.079,3.12,3.245,2.357,2.079,2.427,2.055,2.452,2.336,2.537,3.226,3.348
1-Feb-21,2.608,2.442,2.391,2.502,2.301,2.461,2.058,3.145,3.272,2.379,2.058,2.441,2.058,2.461,2.358,2.571,3.274,3.341
8-Feb-21,2.653,2.482,2.439,2.54,2.33,2.509,2.129,3.183,3.316,2.424,2.129,2.454,2.104,2.505,2.404,2.599,3.338,3.349
15-Feb-21,2.701,2.524,2.467,2.58,2.413,2.533,2.204,3.224,3.35,2.459,2.204,2.491,2.133,2.559,2.444,2.614,3.372,3.394
22-Feb-21,2.815,2.638,2.556,2.701,2.566,2.678,2.329,3.349,3.451,2.546,2.329,2.605,2.265,2.663,2.545,2.754,3.482,3.49
1-Mar-21,2.899,2.71,2.634,2.773,2.621,2.786,2.341,3.483,3.563,2.627,2.341,2.702,2.328,2.748,2.617,2.892,3.588,3.587
8-Mar-21,2.961,2.756,2.683,2.815,2.674,2.85,2.439,3.544,3.638,2.671,2.439,2.735,2.413,2.78,2.67,2.977,3.655,3.667
15-Mar-21,3.044,2.807,2.753,2.857,2.725,2.98,2.568,3.633,3.731,2.738,2.568,2.777,2.547,2.814,2.735,3.07,3.734,3.821
22-Mar-21,3.051,2.821,2.771,2.868,2.737,2.954,2.558,3.655,3.76,2.758,2.558,2.782,2.559,2.823,2.766,3.053,3.765,3.836
29-Mar-21,3.032,2.8,2.759,2.839,2.731,2.921,2.528,3.661,3.77,2.74,2.528,2.776,2.544,2.807,2.747,3.005,3.756,3.861
5-Apr-21,3.032,2.792,2.757,2.83,2.709,2.952,2.503,3.674,3.787,2.744,2.503,2.78,2.531,2.802,2.748,3.061,3.782,3.876
12-Apr-21,3.036,2.77,2.741,2.803,2.692,2.93,2.499,3.694,3.803,2.72,2.499,2.738,2.523,2.77,2.72,3.021,3.789,3.878
19-Apr-21,3.045,2.772,2.753,2.799,2.691,2.957,2.486,3.716,3.835,2.737,2.486,2.753,2.511,2.774,2.726,3.063,3.825,3.922
26-Apr-21,3.08,2.809,2.784,2.849,2.689,2.988,2.543,3.739,3.862,2.752,2.543,2.806,2.502,2.83,2.744,3.099,3.857,3.95
3-May-21,3.106,2.834,2.806,2.879,2.707,3.027,2.527,3.777,3.906,2.782,2.527,2.84,2.523,2.865,2.775,3.148,3.902,4.013
10-May-21,3.181,2.915,2.871,2.973,2.765,3.1,2.637,3.829,3.952,2.837,2.637,2.932,2.592,2.964,2.838,3.197,3.943,4.082
17-May-21,3.241,2.979,2.924,3.028,2.909,3.154,2.769,3.855,3.981,2.888,2.769,2.984,2.655,3.012,2.888,3.261,3.966,4.089
24-May-21,3.237,2.973,2.926,3.015,2.912,3.129,2.723,3.88,4.014,2.898,2.723,2.972,2.644,2.991,2.898,3.243,3.987,4.123
31-May-21,3.244,2.972,2.927,3.012,2.91,3.153,2.682,3.914,4.057,2.898,2.682,2.957,2.636,2.983,2.894,3.27,4.043,4.166
7-Jun-21,3.255,2.983,2.939,3.026,2.905,3.21,2.65,3.93,4.078,2.911,2.65,2.99,2.631,3.002,2.905,3.339,4.069,4.204
14-Jun-21,3.283,2.997,2.949,3.045,2.916,3.253,2.724,3.937,4.086,2.92,2.724,3.045,2.664,3.032,2.908,3.394,4.068,4.227
21-Jun-21,3.276,3.007,2.969,3.044,2.945,3.22,2.675,3.936,4.087,2.932,2.675,3.028,2.654,3.032,2.922,3.36,4.064,4.212
28-Jun-21,3.309,3.035,2.997,3.079,2.941,3.233,2.742,3.97,4.126,2.959,2.742,3.046,2.693,3.068,2.951,3.342,4.093,4.242
5-Jul-21,3.321,3.053,3.029,3.095,2.926,3.253,2.723,3.983,4.141,2.994,2.723,3.072,2.725,3.088,2.98,3.37,4.116,4.228
12-Jul-21,3.339,3.061,3.043,3.102,2.932,3.24,2.795,4.002,4.165,3.005,2.795,3.09,2.745,3.095,2.995,3.365,4.151,4.264
19-Jul-21,3.354,3.085,3.048,3.13,2.987,3.266,2.783,4.014,4.179,3.013,2.783,3.102,2.762,3.121,3,3.414,4.167,4.286
26-Jul-21,3.34,3.08,3.04,3.125,2.986,3.247,2.736,4.008,4.174,3.002,2.736,3.09,2.742,3.115,2.997,3.375,4.166,4.262
2-Aug-21,3.378,3.1,3.042,3.161,2.989,3.321,2.794,4.042,4.213,3.012,2.794,3.12,2.789,3.136,3.025,3.456,4.181,4.322
9-Aug-21,3.372,3.092,3.047,3.142,2.994,3.282,2.77,4.059,4.234,3.022,2.77,3.081,2.785,3.119,3.028,3.412,4.189,4.354
16-Aug-21,3.381,3.089,3.045,3.137,2.993,3.253,2.832,4.081,4.256,3.026,2.832,3.091,2.782,3.119,3.036,3.395,4.2,4.388
23-Aug-21,3.356,3.08,3.051,3.123,2.966,3.202,2.775,4.058,4.232,3.024,2.775,3.088,2.751,3.11,3.033,3.333,4.19,4.348
30-Aug-21,3.352,3.086,3.054,3.133,2.959,3.211,2.726,4.053,4.226,3.031,2.726,3.125,2.728,3.132,3.042,3.334,4.187,4.327
6-Sep-21,3.385,3.123,3.08,3.178,2.99,3.255,2.804,4.056,4.227,3.071,2.804,3.189,2.744,3.2,3.062,3.404,4.185,4.326
13-Sep-21,3.378,3.122,3.093,3.169,2.987,3.228,2.762,4.058,4.225,3.072,2.762,3.188,2.738,3.188,3.067,3.356,4.185,4.339
20-Sep-21,3.382,3.137,3.098,3.193,2.993,3.264,2.727,4.052,4.217,3.079,2.727,3.193,2.736,3.196,3.074,3.404,4.184,4.333
27-Sep-21,3.382,3.137,3.096,3.195,2.99,3.213,2.803,4.05,4.217,3.076,2.803,3.181,2.732,3.187,3.074,3.342,4.199,4.322
4-Oct-21,3.4,3.138,3.1,3.193,2.995,3.275,2.772,4.085,4.241,3.078,2.772,3.171,2.736,3.183,3.078,3.421,4.206,4.389
11-Oct-21,3.474,3.227,3.195,3.276,3.093,3.355,2.88,4.121,4.268,3.181,2.88,3.261,2.815,3.263,3.162,3.498,4.232,4.406
18-Oct-21,3.537,3.318,3.31,3.349,3.201,3.374,2.884,4.184,4.339,3.276,2.884,3.366,2.871,3.351,3.265,3.524,4.308,4.496
25-Oct-21,3.611,3.396,3.379,3.43,3.289,3.417,3.01,4.253,4.393,3.355,3.01,3.446,2.945,3.44,3.336,3.558,4.369,4.578
1-Nov-21,3.632,3.403,3.395,3.432,3.292,3.427,3.005,4.309,4.439,3.38,3.005,3.46,2.986,3.441,3.365,3.539,4.385,4.659
8-Nov-21,3.665,3.41,3.424,3.431,3.274,3.473,3.086,4.343,4.473,3.404,3.086,3.46,3.003,3.434,3.402,3.616,4.406,4.701
15-Nov-21,3.668,3.409,3.419,3.437,3.256,3.42,3.033,4.402,4.532,3.401,3.033,3.456,2.988,3.438,3.404,3.557,4.492,4.716
22-Nov-21,3.668,3.407,3.42,3.438,3.225,3.416,2.972,4.431,4.551,3.396,2.972,3.456,2.969,3.436,3.401,3.565,4.515,4.716
29-Nov-21,3.66,3.406,3.42,3.44,3.211,3.38,2.925,4.441,4.554,3.392,2.925,3.458,2.956,3.437,3.396,3.501,4.52,4.697
6-Dec-21,3.639,3.374,3.401,3.399,3.185,3.35,2.95,4.421,4.53,3.373,2.95,3.388,2.94,3.392,3.371,3.481,4.495,4.688
13-Dec-21,3.614,3.366,3.388,3.396,3.172,3.294,2.889,4.4,4.513,3.355,2.889,3.392,2.892,3.396,3.349,3.421,4.477,4.657
20-Dec-21,3.602,3.356,3.375,3.388,3.158,3.255,2.914,4.383,4.503,3.35,2.914,3.389,2.858,3.387,3.35,3.383,4.462,4.647
27-Dec-21,3.577,3.347,3.364,3.38,3.144,3.217,2.862,4.364,4.485,3.355,2.862,3.38,2.824,3.379,3.356,3.34,4.456,4.634
3-Jan-22,3.585,3.335,3.359,3.364,3.132,3.22,2.902,4.377,4.501,3.346,2.902,3.362,2.837,3.365,3.345,3.32,4.474,4.645
10-Jan-22,3.582,3.317,3.353,3.336,3.124,3.316,2.86,4.372,4.503,3.33,2.86,3.319,2.829,3.332,3.329,3.457,4.478,4.645
17-Jan-22,3.581,3.308,3.334,3.332,3.136,3.269,2.897,4.366,4.497,3.301,2.897,3.308,2.84,3.326,3.326,3.404,4.476,4.642
24-Jan-22,3.597,3.317,3.328,3.346,3.156,3.309,2.98,4.356,4.486,3.288,2.98,3.328,2.881,3.342,3.316,3.444,4.46,4.626
31-Jan-22,3.63,3.368,3.36,3.406,3.217,3.404,2.974,4.357,4.488,3.323,2.974,3.395,2.945,3.408,3.338,3.514,4.476,4.617
7-Feb-22,3.69,3.437,3.421,3.474,3.316,3.484,3.098,4.384,4.507,3.39,3.098,3.451,3.031,3.457,3.402,3.62,4.499,4.627
14-Feb-22,3.738,3.52,3.471,3.578,3.397,3.538,3.123,4.4,4.524,3.444,3.123,3.602,3.121,3.574,3.463,3.681,4.531,4.673
21-Feb-22,3.79,3.566,3.533,3.621,3.408,3.572,3.226,4.446,4.57,3.512,3.226,3.652,3.184,3.613,3.528,3.722,4.557,4.725
28-Feb-22,3.874,3.618,3.595,3.678,3.412,3.754,3.284,4.546,4.671,3.581,3.284,3.723,3.2,3.684,3.583,3.921,4.671,4.789
7-Mar-22,4.407,4.217,4.203,4.253,4.096,4.235,3.804,5.027,5.187,4.176,3.804,4.314,3.804,4.263,4.17,4.403,5.203,5.277
14-Mar-22,4.61,4.296,4.311,4.313,4.181,4.388,3.978,5.435,5.587,4.296,3.978,4.321,3.971,4.321,4.309,4.57,5.603,5.697
21-Mar-22,4.562,4.161,4.234,4.141,4.044,4.352,3.895,5.536,5.71,4.2,3.895,4.231,3.914,4.219,4.242,4.531,5.74,5.766
28-Mar-22,4.562,4.148,4.188,4.132,4.105,4.355,3.809,5.596,5.764,4.175,3.809,4.143,3.878,4.161,4.213,4.535,5.831,5.789
4-Apr-22,4.495,4.078,4.086,4.08,4.045,4.304,3.743,5.544,5.714,4.103,3.743,4.063,3.833,4.085,4.135,4.473,5.752,5.748
11-Apr-22,4.417,4.009,4.024,4.007,3.98,4.251,3.65,5.46,5.619,4.038,3.65,3.996,3.757,4.003,4.094,4.411,5.641,5.634
18-Apr-22,4.395,3.986,3.985,3.998,3.929,4.237,3.694,5.392,5.545,4.027,3.694,3.958,3.739,3.968,4.073,4.39,5.574,5.56
25-Apr-22,4.433,4.058,4.061,4.082,3.94,4.278,3.763,5.362,5.514,4.094,3.763,4.039,3.748,4.043,4.122,4.447,5.525,5.556
2-May-22,4.512,4.195,4.171,4.229,4.098,4.299,3.882,5.377,5.526,4.19,3.882,4.228,3.795,4.199,4.213,4.467,5.545,5.557
9-May-22,4.695,4.424,4.372,4.487,4.274,4.497,3.991,5.503,5.654,4.397,3.991,4.503,3.992,4.462,4.413,4.672,5.634,5.77
16-May-22,4.862,4.59,4.599,4.647,4.295,4.741,4.151,5.642,5.793,4.647,4.151,4.774,4.139,4.684,4.661,4.929,5.765,5.921
23-May-22,4.994,4.707,4.695,4.769,4.448,4.905,4.284,5.781,5.904,4.711,4.284,4.843,4.226,4.799,4.749,5.133,5.857,6.042
30-May-22,5.027,4.706,4.71,4.761,4.435,5.049,4.215,5.863,5.993,4.724,4.215,4.867,4.212,4.81,4.769,5.264,5.942,6.155
6-Jun-22,5.256,4.9,4.941,4.897,4.801,5.345,4.61,6.052,6.178,4.977,4.61,4.807,4.571,4.879,5.005,5.579,6.134,6.335
13-Jun-22,5.362,5.006,5.013,5.002,5.001,5.526,4.628,6.162,6.271,5.04,4.628,4.952,4.621,4.983,5.061,5.803,6.225,6.384
20-Jun-22,5.319,4.938,4.957,4.934,4.905,5.464,4.654,6.124,6.216,4.956,4.654,4.85,4.562,4.897,4.978,5.742,6.167,6.283
27-Jun-22,5.225,4.848,4.88,4.85,4.747,5.365,4.524,6.044,6.138,4.865,4.524,4.778,4.462,4.829,4.896,5.647,6.102,6.19
4-Jul-22,5.103,4.753,4.801,4.755,4.609,5.25,4.339,5.929,6.042,4.784,4.339,4.675,4.333,4.722,4.833,5.536,6.028,6.114
11-Jul-22,4.963,4.621,4.688,4.632,4.365,5.074,4.154,5.787,5.903,4.641,4.154,4.546,4.175,4.603,4.702,5.372,5.873,5.934
18-Jul-22,4.798,4.497,4.583,4.503,4.21,4.933,3.936,5.582,5.708,4.539,3.936,4.411,3.972,4.475,4.616,5.238,5.677,5.804
25-Jul-22,4.652,4.367,4.46,4.382,4.012,4.735,3.777,5.441,5.573,4.44,3.777,4.328,3.842,4.365,4.513,5.046,5.52,5.703
1-Aug-22,4.536,4.284,4.42,4.282,3.887,4.543,3.635,5.322,5.472,4.398,3.635,4.201,3.716,4.262,4.478,4.854,5.426,5.599
8-Aug-22,4.386,4.166,4.309,4.171,3.717,4.361,3.488,5.136,5.298,4.328,3.488,4.067,3.562,4.153,4.373,4.659,5.244,5.454
15-Aug-22,4.28,4.058,4.173,4.07,3.652,4.218,3.357,5.043,5.218,4.202,3.357,3.97,3.412,4.027,4.255,4.499,5.159,5.445
22-Aug-22,4.214,3.959,4.073,3.964,3.589,4.189,3.392,4.967,5.146,4.113,3.392,3.868,3.352,3.916,4.187,4.459,5.061,5.425
29-Aug-22,4.121,3.85,3.95,3.849,3.546,4.107,3.287,4.89,5.061,4.007,3.287,3.751,3.262,3.803,4.058,4.373,4.972,5.19
5-Sep-22,4.026,3.706,3.802,3.704,3.425,4.045,3.132,4.879,5.053,3.856,3.132,3.579,3.137,3.652,3.901,4.32,5.003,5.158
12-Sep-22,3.989,3.599,3.671,3.604,3.371,3.952,3.022,5.004,5.182,3.734,3.022,3.514,3.038,3.569,3.773,4.212,5.107,5.378
19-Sep-22,3.96,3.508,3.56,3.52,3.309,3.839,3.115,5.048,5.239,3.628,3.115,3.419,3.004,3.471,3.674,4.076,5.168,5.388
26-Sep-22,4.018,3.424,3.453,3.438,3.273,3.885,3.01,5.403,5.615,3.512,3.01,3.31,2.966,3.361,3.562,4.1,5.585,5.778
3-Oct-22,4.188,3.374,3.39,3.389,3.252,4.013,2.944,6.025,6.213,3.435,2.944,3.245,2.939,3.305,3.466,4.248,6.194,6.359
10-Oct-22,4.318,3.56,3.538,3.585,3.502,4.271,3.17,5.975,6.156,3.54,3.17,3.411,3.155,3.475,3.55,4.558,6.125,6.22
17-Oct-22,4.255,3.623,3.556,3.676,3.564,4.173,3.236,5.681,5.847,3.577,3.236,3.496,3.17,3.574,3.591,4.462,5.783,5.993
24-Oct-22,4.113,3.579,3.528,3.628,3.497,4.08,3.096,5.371,5.5,3.535,3.096,3.453,3.072,3.536,3.574,4.36,5.411,5.58
31-Oct-22,4.112,3.734,3.734,3.778,3.522,3.997,3.06,5.193,5.311,3.733,3.06,3.659,3.073,3.724,3.735,4.266,5.241,5.353
7-Nov-22,4.162,3.809,3.81,3.883,3.451,4.21,3.117,5.109,5.228,3.819,3.117,3.794,3.065,3.847,3.822,4.482,5.183,5.26
